[{"id":261320824,"title":"Blog Template","order":1,"templateKey":"blog","customTemplate":false,"customTemplateFilename":null,"pageLinks":[],"dateCreated":"2024-07-25T02:40:41.135Z","dateUpdated":"2024-07-25T02:40:42.172Z","folderId":null,"pageName":"Blog Template","serverPageId":null,"sectionCount":1,"status":2,"backwardUrl":null},{"id":78603562,"title":"Post Template","order":2,"templateKey":"post","customTemplate":false,"customTemplateFilename":null,"pageLinks":[],"dateCreated":"2024-07-25T02:40:41.226Z","dateUpdated":"2024-07-25T02:40:42.173Z","folderId":null,"pageName":"Post Template","serverPageId":null,"sectionCount":1,"status":2,"backwardUrl":null},{"id":597021847,"title":"Product List Template","order":3,"templateKey":"products","customTemplate":false,"customTemplateFilename":null,"pageLinks":[],"dateCreated":"2024-07-25T02:40:41.319Z","dateUpdated":"2024-07-25T02:40:42.173Z","folderId":null,"pageName":"Product List Template","serverPageId":null,"sectionCount":1,"status":2,"backwardUrl":null},{"id":142998709,"title":"Product Details Template","order":4,"templateKey":"product","customTemplate":false,"customTemplateFilename":null,"pageLinks":[],"dateCreated":"2024-07-25T02:40:41.425Z","dateUpdated":"2024-07-25T02:40:42.173Z","folderId":null,"pageName":"Product Details Template","serverPageId":null,"sectionCount":1,"status":2,"backwardUrl":null},{"id":122046077,"title":"Shopping Cart Template","order":5,"templateKey":"cart","customTemplate":false,"customTemplateFilename":null,"pageLinks":[],"dateCreated":"2024-07-25T02:40:41.518Z","dateUpdated":"2024-07-25T02:40:42.173Z","folderId":null,"pageName":"Shopping Cart Template","serverPageId":null,"sectionCount":1,"status":2,"backwardUrl":null},{"id":73229363,"title":"Checkout Template","order":6,"templateKey":"checkout","customTemplate":false,"customTemplateFilename":null,"pageLinks":[],"dateCreated":"2024-07-25T02:40:41.640Z","dateUpdated":"2024-07-25T02:40:42.173Z","folderId":null,"pageName":"Checkout Template","serverPageId":null,"sectionCount":1,"status":2,"backwardUrl":null},{"id":47588439,"title":"Login Template","order":7,"templateKey":"login","customTemplate":false,"customTemplateFilename":null,"pageLinks":[],"dateCreated":"2024-07-25T02:40:41.716Z","dateUpdated":"2024-07-25T02:40:42.173Z","folderId":null,"pageName":"Login Template","serverPageId":null,"sectionCount":1,"status":2,"backwardUrl":null},{"id":182070777,"title":"Page Password Template","order":8,"templateKey":"password","customTemplate":false,"customTemplateFilename":null,"pageLinks":[],"dateCreated":"2024-07-25T02:40:41.773Z","dateUpdated":"2024-07-25T02:40:42.173Z","folderId":null,"pageName":"Page Password Template","serverPageId":null,"sectionCount":1,"status":2,"backwardUrl":null},{"id":262457754,"title":"404 Not Found Template","order":9,"templateKey":"404","customTemplate":false,"customTemplateFilename":null,"pageLinks":[],"dateCreated":"2024-07-25T02:40:41.827Z","dateUpdated":"2024-07-25T02:40:42.173Z","folderId":null,"pageName":"404 Not Found Template","serverPageId":null,"sectionCount":1,"status":2,"backwardUrl":null},{"id":49439162,"title":"Thank You Page Template","order":10,"templateKey":"ThankYou","customTemplate":false,"customTemplateFilename":null,"pageLinks":[],"dateCreated":"2024-07-25T02:40:41.872Z","dateUpdated":"2024-07-25T02:40:42.173Z","folderId":null,"pageName":"Thank You Page Template","serverPageId":null,"sectionCount":1,"status":2,"backwardUrl":null},{"id":118318857,"title":"Sobre","order":100,"templateKey":null,"customTemplate":false,"customTemplateFilename":null,"pageLinks":[],"dateCreated":"2024-07-25T02:40:41.924Z","dateUpdated":"2024-07-25T02:40:42.173Z","folderId":null,"pageName":"Sobre_118318857","serverPageId":null,"sectionCount":1,"status":2,"backwardUrl":null},{"id":2548519990,"title":"Contato","order":101,"templateKey":null,"customTemplate":false,"customTemplateFilename":null,"pageLinks":[],"dateCreated":"2024-07-25T02:40:41.974Z","dateUpdated":"2024-07-25T02:40:42.173Z","folderId":null,"pageName":"Contato_2548519990","serverPageId":null,"sectionCount":1,"status":2,"backwardUrl":null}]
