{"id":1136720919,"isReadOnly":false,"metaTags":null,"headHtml":null,"customCss":null,"headerHtml":"<section class=\"u-clearfix u-header u-block-5ab9-1\" custom-posts-hash=\"[]\" data-style=\"header-imglogo-menu\" data-post-id=\"post4\" data-section-properties=\"{&quot;grid-spacing&quot;:&quot;0&quot;,&quot;align&quot;:&quot;left&quot;,&quot;stretch&quot;:true}\" id=\"sec-0b65\" data-source=\"\" data-id=\"5ab9\">\n  <div class=\"u-clearfix u-sheet u-valign-middle u-block-5ab9-2\" data-state=\"{&quot;margin-top&quot;:{&quot;shouldApplyDefaultMargins&quot;:{&quot;XL&quot;:false,&quot;LG&quot;:false,&quot;MD&quot;:false,&quot;SM&quot;:false,&quot;XS&quot;:false},&quot;parentVerticalAlign&quot;:{&quot;XL&quot;:&quot;middle&quot;,&quot;LG&quot;:&quot;middle&quot;,&quot;MD&quot;:&quot;middle&quot;,&quot;SM&quot;:&quot;middle&quot;,&quot;XS&quot;:&quot;middle&quot;}},&quot;margin-bottom&quot;:{&quot;shouldApplyDefaultMargins&quot;:{&quot;XL&quot;:false,&quot;LG&quot;:false,&quot;MD&quot;:false,&quot;SM&quot;:false,&quot;XS&quot;:false},&quot;parentVerticalAlign&quot;:{&quot;XL&quot;:&quot;middle&quot;,&quot;LG&quot;:&quot;middle&quot;,&quot;MD&quot;:&quot;middle&quot;,&quot;SM&quot;:&quot;middle&quot;,&quot;XS&quot;:&quot;middle&quot;}}}\">\n    <a href=\"#\" class=\"u-image u-logo u-block-5ab9-8\" data-brightness=\"\" data-state=\"{&quot;margin-top&quot;:{&quot;shouldApplyDefaultMargins&quot;:{&quot;XL&quot;:false,&quot;LG&quot;:false,&quot;MD&quot;:false,&quot;SM&quot;:true,&quot;XS&quot;:true},&quot;parentVerticalAlign&quot;:{&quot;XL&quot;:&quot;middle&quot;,&quot;LG&quot;:&quot;middle&quot;,&quot;MD&quot;:&quot;middle&quot;,&quot;SM&quot;:&quot;middle&quot;,&quot;XS&quot;:&quot;middle&quot;}},&quot;margin-bottom&quot;:{&quot;shouldApplyDefaultMargins&quot;:{&quot;XL&quot;:false,&quot;LG&quot;:false,&quot;MD&quot;:false,&quot;SM&quot;:true,&quot;XS&quot;:true},&quot;parentVerticalAlign&quot;:{&quot;XL&quot;:&quot;middle&quot;,&quot;LG&quot;:&quot;middle&quot;,&quot;MD&quot;:&quot;middle&quot;,&quot;SM&quot;:&quot;middle&quot;,&quot;XS&quot;:&quot;middle&quot;}}}\">\n      <img src=\"np://app.desktop.nicepage.com/images/default-logo.png\" class=\"u-logo-image u-block-5ab9-10\">\n    </a>\n    <nav class=\"u-menu u-menu-dropdown u-offcanvas u-block-5ab9-11\" data-state=\"{&quot;margin-top&quot;:{&quot;shouldApplyDefaultMargins&quot;:{&quot;XL&quot;:false,&quot;LG&quot;:false,&quot;MD&quot;:false,&quot;SM&quot;:true,&quot;XS&quot;:true},&quot;parentVerticalAlign&quot;:{&quot;XL&quot;:&quot;middle&quot;,&quot;LG&quot;:&quot;middle&quot;,&quot;MD&quot;:&quot;middle&quot;,&quot;SM&quot;:&quot;middle&quot;,&quot;XS&quot;:&quot;middle&quot;}},&quot;margin-bottom&quot;:{&quot;shouldApplyDefaultMargins&quot;:{&quot;XL&quot;:false,&quot;LG&quot;:false,&quot;MD&quot;:false,&quot;SM&quot;:true,&quot;XS&quot;:true},&quot;parentVerticalAlign&quot;:{&quot;XL&quot;:&quot;middle&quot;,&quot;LG&quot;:&quot;middle&quot;,&quot;MD&quot;:&quot;middle&quot;,&quot;SM&quot;:&quot;middle&quot;,&quot;XS&quot;:&quot;middle&quot;}}}\">\n      <div class=\"menu-collapse\" style=\"font-size: 1rem; letter-spacing: 0px;\">\n        <a class=\"u-button-style u-custom-left-right-menu-spacing u-custom-padding-bottom u-custom-top-bottom-menu-spacing u-nav-link u-text-active-palette-1-base u-text-hover-palette-2-base\" href=\"#\">\n          <svg class=\"u-svg-link\" viewBox=\"0 0 24 24\"><use xmlns:xlink=\"http://www.w3.org/1999/xlink\" xlink:href=\"#menu-hamburger\"></use></svg>\n          <svg version=\"1.1\" xmlns=\"http://www.w3.org/2000/svg\" xmlns:xlink=\"http://www.w3.org/1999/xlink\"><defs><symbol id=\"menu-hamburger\" viewBox=\"0 0 16 16\" style=\"width: 16px; height: 16px;\"><rect y=\"1\" width=\"16\" height=\"2\"></rect><rect y=\"7\" width=\"16\" height=\"2\"></rect><rect y=\"13\" width=\"16\" height=\"2\"></rect>\n</symbol>\n</defs></svg>\n        </a>\n      </div>\n      <div class=\"u-nav-container\">\n        <ul class=\"u-nav u-unstyled u-block-5ab9-18\"><li class=\"u-nav-item\"><a class=\"u-button-style u-nav-link u-text-active-palette-1-base u-text-hover-palette-2-base\" href=\"/Page-1.html\" data-page-id=\"10242716\" style=\"padding: 10px 20px;\">Page 1</a><div class=\"fake u-nav-popup u-block-5ab9-20\"><ul class=\"u-h-spacing-20 u-nav u-unstyled u-v-spacing-10 u-block-5ab9-19\"><li class=\"u-nav-item\"><a class=\"u-button-style u-nav-link u-white\" href=\"#\">Menu Item1</a>\n</li><li class=\"u-nav-item\"><a class=\"u-button-style u-nav-link u-white\" href=\"#\">Menu Item2</a>\n</li><li class=\"u-nav-item\"><a class=\"u-button-style u-nav-link u-white\" href=\"#\">Menu Item3</a>\n</li></ul>\n</div>\n</li></ul>\n      </div>\n      <div class=\"u-nav-container-collapse\">\n        <div class=\"u-black u-container-style u-inner-container-layout u-opacity u-opacity-95 u-sidenav u-block-5ab9-14\">\n          <div class=\"u-sidenav-overflow\">\n            <div class=\"u-menu-close u-block-5ab9-15\"></div>\n            <ul class=\"u-align-center u-nav u-popupmenu-items u-unstyled u-block-5ab9-16\"><li class=\"u-nav-item\"><a class=\"u-button-style u-nav-link\" href=\"/Page-1.html\" data-page-id=\"10242716\">Page 1</a><div class=\"fake u-nav-popup u-block-5ab9-21\"><ul class=\"u-h-spacing-20 u-nav u-unstyled u-v-spacing-10 u-block-5ab9-17\"><li class=\"u-nav-item\"><a class=\"u-button-style u-nav-link u-white\">Menu Item 1</a>\n</li><li class=\"u-nav-item\"><a class=\"u-button-style u-nav-link u-white\">Menu Item 2</a>\n</li><li class=\"u-nav-item\"><a class=\"u-button-style u-nav-link u-white\">Menu Item 3</a>\n</li></ul>\n</div>\n</li></ul>\n          </div>\n        </div>\n        <div class=\"u-black u-menu-overlay u-opacity u-opacity-70\"></div>\n      </div>\n    </nav>\n  </div>\n  <style data-mode=\"XL\" data-visited=\"true\">@media (min-width: 1200px){ .u-block-5ab9-1 {background-image: none}\n.u-block-5ab9-2 {min-height: 80px}\n.u-block-5ab9-8 {margin-top: 22px; margin-right: auto; margin-bottom: 0px; margin-left: 0px}\n.u-block-5ab9-10 {max-width: 64px; max-height: 64px}\n.u-block-5ab9-11 {margin-top: -32px; margin-right: 0px; margin-bottom: 22px; margin-left: auto}\n.u-block-5ab9-18 {font-size: 1rem; letter-spacing: 0px}\n.u-block-5ab9-19 {box-shadow: 2px 2px 8px 0 rgba(var(--grey-50-r),var(--grey-50-g),var(--grey-50-b),1)}\n.u-block-5ab9-16 {font-size: 1.25rem}\n.u-block-5ab9-17 {box-shadow: 2px 2px 8px 0 rgba(var(--grey-50-r),var(--grey-50-g),var(--grey-50-b),1)} }</style>\n  <style data-mode=\"LG\" data-visited=\"true\">@media (max-width: 1199px) and (min-width: 992px){ .u-block-5ab9-1 {background-image: none}\n.u-block-5ab9-2 {min-height: 80px}\n.u-block-5ab9-8 {margin-top: 22px; margin-right: auto; margin-bottom: 0px; margin-left: 0px; width: 64px; height: 32px}\n.u-block-5ab9-10 {max-width: 64px; max-height: 64px}\n.u-block-5ab9-11 {width: auto; margin-top: -32px; margin-right: 0px; margin-bottom: 22px; margin-left: auto}\n.u-block-5ab9-18 {font-size: 1rem; letter-spacing: 0px}\n.u-block-5ab9-19 {box-shadow: 2px 2px 8px 0 rgba(var(--grey-50-r),var(--grey-50-g),var(--grey-50-b),1)}\n.u-block-5ab9-16 {font-size: 1.25rem}\n.u-block-5ab9-17 {box-shadow: 2px 2px 8px 0 rgba(var(--grey-50-r),var(--grey-50-g),var(--grey-50-b),1)} }</style>\n  <style data-mode=\"MD\" data-visited=\"true\">@media (max-width: 991px) and (min-width: 768px){ .u-block-5ab9-1 {background-image: none}\n.u-block-5ab9-2 {min-height: 80px}\n.u-block-5ab9-8 {margin-top: 22px; margin-right: auto; margin-bottom: 0px; margin-left: 0px; width: 64px; height: 32px}\n.u-block-5ab9-10 {max-width: 64px; max-height: 64px}\n.u-block-5ab9-11 {width: auto; margin-top: -32px; margin-right: 0px; margin-bottom: 22px; margin-left: auto}\n.u-block-5ab9-18 {font-size: 1rem; letter-spacing: 0px}\n.u-block-5ab9-19 {box-shadow: 2px 2px 8px 0 rgba(var(--grey-50-r),var(--grey-50-g),var(--grey-50-b),1)}\n.u-block-5ab9-16 {font-size: 1.25rem}\n.u-block-5ab9-17 {box-shadow: 2px 2px 8px 0 rgba(var(--grey-50-r),var(--grey-50-g),var(--grey-50-b),1)} }</style>\n  <style data-mode=\"SM\" data-visited=\"true\">@media (max-width: 767px) and (min-width: 576px){ .u-block-5ab9-1 {background-image: none}\n.u-block-5ab9-2 {min-height: 80px}\n.u-block-5ab9-8 {width: auto; margin-top: 22px; margin-right: auto; margin-bottom: 0px; margin-left: 0px; height: 32px}\n.u-block-5ab9-10 {max-width: 64px; max-height: 64px}\n.u-block-5ab9-11 {width: auto; margin-top: -32px; margin-right: 0px; margin-bottom: 22px; margin-left: auto}\n.u-block-5ab9-18 {font-size: 1rem; letter-spacing: 0px}\n.u-block-5ab9-19 {box-shadow: 2px 2px 8px 0 rgba(var(--grey-50-r),var(--grey-50-g),var(--grey-50-b),1)}\n.u-block-5ab9-16 {font-size: 1.25rem}\n.u-block-5ab9-17 {box-shadow: 2px 2px 8px 0 rgba(var(--grey-50-r),var(--grey-50-g),var(--grey-50-b),1)} }</style>\n  <style data-mode=\"XS\" data-visited=\"true\">@media (max-width: 575px){ .u-block-5ab9-1 {background-image: none}\n.u-block-5ab9-2 {min-height: 80px}\n.u-block-5ab9-8 {width: auto; margin-top: 22px; margin-right: auto; margin-bottom: 0px; margin-left: 0px; height: 32px}\n.u-block-5ab9-10 {max-width: 64px; max-height: 64px}\n.u-block-5ab9-11 {width: auto; margin-top: -32px; margin-right: 0px; margin-bottom: 22px; margin-left: auto}\n.u-block-5ab9-18 {font-size: 1rem; letter-spacing: 0px}\n.u-block-5ab9-19 {box-shadow: 2px 2px 8px 0 rgba(var(--grey-50-r),var(--grey-50-g),var(--grey-50-b),1)}\n.u-block-5ab9-16 {font-size: 1.25rem}\n.u-block-5ab9-17 {box-shadow: 2px 2px 8px 0 rgba(var(--grey-50-r),var(--grey-50-g),var(--grey-50-b),1)} }</style>\n</section>","footerHtml":"<section class=\"u-align-center u-clearfix u-footer u-grey-80 u-block-cfe3-1\" custom-posts-hash=\"T\" data-state=\"{&quot;min-height&quot;:{&quot;canCollapse&quot;:{&quot;XL&quot;:null,&quot;LG&quot;:null,&quot;MD&quot;:null,&quot;SM&quot;:null,&quot;XS&quot;:null}}}\" data-style=\"footer-1-text\" data-post-id=\"post6\" data-section-properties=\"{&quot;grid-spacing&quot;:&quot;30&quot;,&quot;spacingAdditional&quot;:&quot;none&quot;,&quot;align&quot;:&quot;&quot;,&quot;stretch&quot;:true}\" id=\"sec-26e1\" data-source=\"\" data-id=\"cfe3\">\n  <div class=\"u-clearfix u-sheet u-block-cfe3-2\" data-state=\"{&quot;margin-top&quot;:{&quot;shouldApplyDefaultMargins&quot;:{&quot;XL&quot;:false,&quot;LG&quot;:false,&quot;MD&quot;:false,&quot;SM&quot;:false,&quot;XS&quot;:false},&quot;parentVerticalAlign&quot;:{&quot;XL&quot;:&quot;&quot;,&quot;LG&quot;:&quot;&quot;,&quot;MD&quot;:&quot;&quot;,&quot;SM&quot;:&quot;&quot;,&quot;XS&quot;:&quot;&quot;}},&quot;margin-bottom&quot;:{&quot;shouldApplyDefaultMargins&quot;:{&quot;XL&quot;:false,&quot;LG&quot;:false,&quot;MD&quot;:false,&quot;SM&quot;:false,&quot;XS&quot;:false},&quot;parentVerticalAlign&quot;:{&quot;XL&quot;:&quot;&quot;,&quot;LG&quot;:&quot;&quot;,&quot;MD&quot;:&quot;&quot;,&quot;SM&quot;:&quot;&quot;,&quot;XS&quot;:&quot;&quot;}}}\">\n    <p class=\"u-small-text u-text u-text-variant u-block-cfe3-6\" data-state=\"{&quot;margin-top&quot;:{&quot;shouldApplyDefaultMargins&quot;:{&quot;XL&quot;:false,&quot;LG&quot;:false,&quot;MD&quot;:false,&quot;SM&quot;:false,&quot;XS&quot;:false},&quot;parentVerticalAlign&quot;:{&quot;XL&quot;:&quot;&quot;,&quot;LG&quot;:&quot;&quot;,&quot;MD&quot;:&quot;&quot;,&quot;SM&quot;:&quot;&quot;,&quot;XS&quot;:&quot;&quot;}},&quot;margin-bottom&quot;:{&quot;shouldApplyDefaultMargins&quot;:{&quot;XL&quot;:false,&quot;LG&quot;:false,&quot;MD&quot;:false,&quot;SM&quot;:false,&quot;XS&quot;:false},&quot;parentVerticalAlign&quot;:{&quot;XL&quot;:&quot;&quot;,&quot;LG&quot;:&quot;&quot;,&quot;MD&quot;:&quot;&quot;,&quot;SM&quot;:&quot;&quot;,&quot;XS&quot;:&quot;&quot;}}}\">Texto de Amostra. Clique para selecionar o Elemento de Texto.</p>\n  </div>\n  <style data-mode=\"XL\">@media (min-width: 1200px){ .u-block-cfe3-1 {background-image: none}\n.u-block-cfe3-2 {min-height: 120px}\n.u-block-cfe3-6 {width: 417px; margin-top: 49px; margin-bottom: 49px; margin-left: auto; margin-right: auto} }</style>\n  <style data-mode=\"LG\">@media (max-width: 1199px) and (min-width: 992px){ .u-block-cfe3-1 {background-image: none}\n.u-block-cfe3-2 {min-height: 99px}\n.u-block-cfe3-6 {width: 417px; margin-top: 49px; margin-bottom: 49px; margin-left: auto; margin-right: auto} }</style>\n  <style data-mode=\"MD\">@media (max-width: 991px) and (min-width: 768px){ .u-block-cfe3-1 {background-image: none}\n.u-block-cfe3-2 {min-height: 76px}\n.u-block-cfe3-6 {width: 417px; margin-top: 49px; margin-bottom: 49px; margin-left: auto; margin-right: auto} }</style>\n  <style data-mode=\"SM\">@media (max-width: 767px) and (min-width: 576px){ .u-block-cfe3-1 {background-image: none}\n.u-block-cfe3-2 {min-height: 57px}\n.u-block-cfe3-6 {width: 417px; margin-top: 49px; margin-bottom: 49px; margin-left: auto; margin-right: auto} }</style>\n  <style data-mode=\"XS\">@media (max-width: 575px){ .u-block-cfe3-1 {background-image: none}\n.u-block-cfe3-2 {min-height: 36px}\n.u-block-cfe3-6 {width: 340px; margin-top: 49px; margin-bottom: 49px; margin-left: auto; margin-right: auto} }</style>\n</section>","hideBacklink":null,"dateUpdated":1721875242557,"settings":"{\"colorScheme\":{\"name\":\"summer-time\",\"isDefault\":true,\"bodyColors\":[\"#111111\",\"#ffffff\"],\"colors\":[\"#478ac9\",\"#db545a\",\"#f1c50e\",\"#2cccc4\",\"#b9c1cc\"],\"bgColor\":\"#ffffff\",\"shadingContrast\":\"body-alt-color\",\"whiteContrast\":\"body-color\",\"bgContrast\":\"body-color\",\"palettes\":[{\"palette\":[{\"paletteName\":\"none\",\"color\":\"transparent\",\"chanelR\":255,\"chanelG\":255,\"chanelB\":255,\"contrast\":\"body-color\",\"darker\":\"transparent\",\"contrastDarker\":\"body-color\",\"bodyContrast\":\"body-color\"},{\"paletteName\":\"transparent\",\"color\":\"transparent\",\"chanelR\":255,\"chanelG\":255,\"chanelB\":255,\"contrast\":\"body-color\",\"darker\":\"transparent\",\"contrastDarker\":\"body-color\",\"bodyContrast\":\"body-color\"}]},{\"palette\":[{\"paletteName\":\"body-color\",\"color\":\"#111111\",\"chanelR\":17,\"chanelG\":17,\"chanelB\":17,\"contrast\":\"white\",\"darker\":\"#0f0f0f\",\"contrastDarker\":\"white\",\"bodyContrast\":\"body-alt-color\"}]},{\"palette\":[{\"paletteName\":\"body-alt-color\",\"color\":\"#ffffff\",\"chanelR\":255,\"chanelG\":255,\"chanelB\":255,\"contrast\":\"black\",\"darker\":\"#e6e6e6\",\"contrastDarker\":\"black\",\"bodyContrast\":\"body-color\"}]},{\"palette\":[{\"paletteName\":\"bg-color\",\"color\":\"#ffffff\",\"chanelR\":255,\"chanelG\":255,\"chanelB\":255,\"contrast\":\"black\",\"darker\":\"#e6e6e6\",\"contrastDarker\":\"black\",\"bodyContrast\":\"body-color\"}]},{\"palette\":[{\"paletteName\":\"palette-1-base\",\"color\":\"#478ac9\",\"chanelR\":71,\"chanelG\":138,\"chanelB\":201,\"contrast\":\"white\",\"darker\":\"#387cbd\",\"contrastDarker\":\"white\",\"bodyContrast\":\"body-alt-color\"},{\"paletteName\":\"palette-1-dark-3\",\"color\":\"#292e33\",\"chanelR\":41,\"chanelG\":46,\"chanelB\":51,\"contrast\":\"white\",\"darker\":\"#25292e\",\"contrastDarker\":\"white\",\"bodyContrast\":\"body-alt-color\"},{\"paletteName\":\"palette-1-dark-2\",\"color\":\"#425465\",\"chanelR\":66,\"chanelG\":84,\"chanelB\":101,\"contrast\":\"white\",\"darker\":\"#3b4c5b\",\"contrastDarker\":\"white\",\"bodyContrast\":\"body-alt-color\"},{\"paletteName\":\"palette-1-dark-1\",\"color\":\"#4c7397\",\"chanelR\":76,\"chanelG\":115,\"chanelB\":151,\"contrast\":\"white\",\"darker\":\"#446888\",\"contrastDarker\":\"white\",\"bodyContrast\":\"body-alt-color\"},{\"paletteName\":\"palette-1\",\"color\":\"#478ac9\",\"chanelR\":71,\"chanelG\":138,\"chanelB\":201,\"contrast\":\"white\",\"darker\":\"#387cbd\",\"contrastDarker\":\"white\",\"bodyContrast\":\"body-alt-color\"},{\"paletteName\":\"palette-1-light-1\",\"color\":\"#77aad9\",\"chanelR\":119,\"chanelG\":170,\"chanelB\":217,\"contrast\":\"white\",\"darker\":\"#5d9ad2\",\"contrastDarker\":\"white\",\"bodyContrast\":\"body-alt-color\"},{\"paletteName\":\"palette-1-light-2\",\"color\":\"#adcce9\",\"chanelR\":173,\"chanelG\":204,\"chanelB\":233,\"contrast\":\"black\",\"darker\":\"#8db8e0\",\"contrastDarker\":\"white\",\"bodyContrast\":\"body-color\"},{\"paletteName\":\"palette-1-light-3\",\"color\":\"#e9f2fa\",\"chanelR\":233,\"chanelG\":242,\"chanelB\":250,\"contrast\":\"black\",\"darker\":\"#c2dbf1\",\"contrastDarker\":\"black\",\"bodyContrast\":\"body-color\"}]},{\"palette\":[{\"paletteName\":\"palette-2-base\",\"color\":\"#db545a\",\"chanelR\":219,\"chanelG\":84,\"chanelB\":90,\"contrast\":\"white\",\"darker\":\"#d63b42\",\"contrastDarker\":\"white\",\"bodyContrast\":\"body-alt-color\"},{\"paletteName\":\"palette-2-dark-3\",\"color\":\"#332929\",\"chanelR\":51,\"chanelG\":41,\"chanelB\":41,\"contrast\":\"white\",\"darker\":\"#2e2525\",\"contrastDarker\":\"white\",\"bodyContrast\":\"body-alt-color\"},{\"paletteName\":\"palette-2-dark-2\",\"color\":\"#6b4748\",\"chanelR\":107,\"chanelG\":71,\"chanelB\":72,\"contrast\":\"white\",\"darker\":\"#604041\",\"contrastDarker\":\"white\",\"bodyContrast\":\"body-alt-color\"},{\"paletteName\":\"palette-2-dark-1\",\"color\":\"#a35559\",\"chanelR\":163,\"chanelG\":85,\"chanelB\":89,\"contrast\":\"white\",\"darker\":\"#934c50\",\"contrastDarker\":\"white\",\"bodyContrast\":\"body-alt-color\"},{\"paletteName\":\"palette-2\",\"color\":\"#db545a\",\"chanelR\":219,\"chanelG\":84,\"chanelB\":90,\"contrast\":\"white\",\"darker\":\"#d63b42\",\"contrastDarker\":\"white\",\"bodyContrast\":\"body-alt-color\"},{\"paletteName\":\"palette-2-light-1\",\"color\":\"#e68387\",\"chanelR\":230,\"chanelG\":131,\"chanelB\":135,\"contrast\":\"white\",\"darker\":\"#e0656a\",\"contrastDarker\":\"white\",\"bodyContrast\":\"body-alt-color\"},{\"paletteName\":\"palette-2-light-2\",\"color\":\"#f1b5b8\",\"chanelR\":241,\"chanelG\":181,\"chanelB\":184,\"contrast\":\"black\",\"darker\":\"#ea9296\",\"contrastDarker\":\"white\",\"bodyContrast\":\"body-color\"},{\"paletteName\":\"palette-2-light-3\",\"color\":\"#fbeced\",\"chanelR\":251,\"chanelG\":236,\"chanelB\":237,\"contrast\":\"black\",\"darker\":\"#f3c4c7\",\"contrastDarker\":\"black\",\"bodyContrast\":\"body-color\"}]},{\"palette\":[{\"paletteName\":\"palette-3-base\",\"color\":\"#f1c50e\",\"chanelR\":241,\"chanelG\":197,\"chanelB\":14,\"contrast\":\"black\",\"darker\":\"#d9b10d\",\"contrastDarker\":\"white\",\"bodyContrast\":\"body-color\"},{\"paletteName\":\"palette-3-dark-3\",\"color\":\"#333129\",\"chanelR\":51,\"chanelG\":49,\"chanelB\":41,\"contrast\":\"white\",\"darker\":\"#2e2c25\",\"contrastDarker\":\"white\",\"bodyContrast\":\"body-alt-color\"},{\"paletteName\":\"palette-3-dark-2\",\"color\":\"#72683f\",\"chanelR\":114,\"chanelG\":104,\"chanelB\":63,\"contrast\":\"white\",\"darker\":\"#675e39\",\"contrastDarker\":\"white\",\"bodyContrast\":\"body-alt-color\"},{\"paletteName\":\"palette-3-dark-1\",\"color\":\"#b29a36\",\"chanelR\":178,\"chanelG\":154,\"chanelB\":54,\"contrast\":\"white\",\"darker\":\"#a08b31\",\"contrastDarker\":\"white\",\"bodyContrast\":\"body-alt-color\"},{\"paletteName\":\"palette-3\",\"color\":\"#f1c50e\",\"chanelR\":241,\"chanelG\":197,\"chanelB\":14,\"contrast\":\"black\",\"darker\":\"#d9b10d\",\"contrastDarker\":\"white\",\"bodyContrast\":\"body-color\"},{\"paletteName\":\"palette-3-light-1\",\"color\":\"#f5d654\",\"chanelR\":245,\"chanelG\":214,\"chanelB\":84,\"contrast\":\"black\",\"darker\":\"#f3cf35\",\"contrastDarker\":\"black\",\"bodyContrast\":\"body-color\"},{\"paletteName\":\"palette-3-light-2\",\"color\":\"#f9e79b\",\"chanelR\":249,\"chanelG\":231,\"chanelB\":155,\"contrast\":\"black\",\"darker\":\"#f7de75\",\"contrastDarker\":\"black\",\"bodyContrast\":\"body-color\"},{\"paletteName\":\"palette-3-light-3\",\"color\":\"#fef9e6\",\"chanelR\":254,\"chanelG\":249,\"chanelB\":230,\"contrast\":\"black\",\"darker\":\"#fceeb7\",\"contrastDarker\":\"black\",\"bodyContrast\":\"body-color\"}]},{\"palette\":[{\"paletteName\":\"palette-4-base\",\"color\":\"#2cccc4\",\"chanelR\":44,\"chanelG\":204,\"chanelB\":196,\"contrast\":\"white\",\"darker\":\"#28b8b0\",\"contrastDarker\":\"white\",\"bodyContrast\":\"body-alt-color\"},{\"paletteName\":\"palette-4-dark-3\",\"color\":\"#293332\",\"chanelR\":41,\"chanelG\":51,\"chanelB\":50,\"contrast\":\"white\",\"darker\":\"#252e2d\",\"contrastDarker\":\"white\",\"bodyContrast\":\"body-alt-color\"},{\"paletteName\":\"palette-4-dark-2\",\"color\":\"#41807c\",\"chanelR\":65,\"chanelG\":128,\"chanelB\":124,\"contrast\":\"white\",\"darker\":\"#3a7370\",\"contrastDarker\":\"white\",\"bodyContrast\":\"body-alt-color\"},{\"paletteName\":\"palette-4-dark-1\",\"color\":\"#2cccc4\",\"chanelR\":44,\"chanelG\":204,\"chanelB\":196,\"contrast\":\"white\",\"darker\":\"#28b8b0\",\"contrastDarker\":\"white\",\"bodyContrast\":\"body-alt-color\"},{\"paletteName\":\"palette-4\",\"color\":\"#3be8e0\",\"chanelR\":59,\"chanelG\":232,\"chanelB\":224,\"contrast\":\"black\",\"darker\":\"#21e5dc\",\"contrastDarker\":\"black\",\"bodyContrast\":\"body-color\"},{\"paletteName\":\"palette-4-light-1\",\"color\":\"#72efe9\",\"chanelR\":114,\"chanelG\":239,\"chanelB\":233,\"contrast\":\"black\",\"darker\":\"#52ebe4\",\"contrastDarker\":\"black\",\"bodyContrast\":\"body-color\"},{\"paletteName\":\"palette-4-light-2\",\"color\":\"#adf6f2\",\"chanelR\":173,\"chanelG\":246,\"chanelB\":242,\"contrast\":\"black\",\"darker\":\"#87f2ec\",\"contrastDarker\":\"black\",\"bodyContrast\":\"body-color\"},{\"paletteName\":\"palette-4-light-3\",\"color\":\"#eafdfc\",\"chanelR\":234,\"chanelG\":253,\"chanelB\":252,\"contrast\":\"black\",\"darker\":\"#bef9f6\",\"contrastDarker\":\"black\",\"bodyContrast\":\"body-color\"}]},{\"palette\":[{\"paletteName\":\"palette-5-base\",\"color\":\"#b9c1cc\",\"chanelR\":185,\"chanelG\":193,\"chanelB\":204,\"contrast\":\"black\",\"darker\":\"#a2adbc\",\"contrastDarker\":\"white\",\"bodyContrast\":\"body-color\"},{\"paletteName\":\"palette-5-dark-3\",\"color\":\"#292d33\",\"chanelR\":41,\"chanelG\":45,\"chanelB\":51,\"contrast\":\"white\",\"darker\":\"#25292e\",\"contrastDarker\":\"white\",\"bodyContrast\":\"body-alt-color\"},{\"paletteName\":\"palette-5-dark-2\",\"color\":\"#555c66\",\"chanelR\":85,\"chanelG\":92,\"chanelB\":102,\"contrast\":\"white\",\"darker\":\"#4d535c\",\"contrastDarker\":\"white\",\"bodyContrast\":\"body-alt-color\"},{\"paletteName\":\"palette-5-dark-1\",\"color\":\"#858e99\",\"chanelR\":133,\"chanelG\":142,\"chanelB\":153,\"contrast\":\"white\",\"darker\":\"#75808c\",\"contrastDarker\":\"white\",\"bodyContrast\":\"body-alt-color\"},{\"paletteName\":\"palette-5\",\"color\":\"#b9c1cc\",\"chanelR\":185,\"chanelG\":193,\"chanelB\":204,\"contrast\":\"black\",\"darker\":\"#a2adbc\",\"contrastDarker\":\"white\",\"bodyContrast\":\"body-color\"},{\"paletteName\":\"palette-5-light-1\",\"color\":\"#ccd3db\",\"chanelR\":204,\"chanelG\":211,\"chanelB\":219,\"contrast\":\"black\",\"darker\":\"#b3bec9\",\"contrastDarker\":\"black\",\"bodyContrast\":\"body-color\"},{\"paletteName\":\"palette-5-light-2\",\"color\":\"#e0e5eb\",\"chanelR\":224,\"chanelG\":229,\"chanelB\":235,\"contrast\":\"black\",\"darker\":\"#c4ced9\",\"contrastDarker\":\"black\",\"bodyContrast\":\"body-color\"},{\"paletteName\":\"palette-5-light-3\",\"color\":\"#f5f7fa\",\"chanelR\":245,\"chanelG\":247,\"chanelB\":250,\"contrast\":\"black\",\"darker\":\"#d4dde9\",\"contrastDarker\":\"black\",\"bodyContrast\":\"body-color\"}]},{\"palette\":[{\"paletteName\":\"grey-40\",\"color\":\"#999999\",\"chanelR\":153,\"chanelG\":153,\"chanelB\":153,\"contrast\":\"white\",\"darker\":\"#8a8a8a\",\"contrastDarker\":\"white\",\"bodyContrast\":\"body-alt-color\"},{\"paletteName\":\"grey-30\",\"color\":\"#b3b3b3\",\"chanelR\":179,\"chanelG\":179,\"chanelB\":179,\"contrast\":\"white\",\"darker\":\"#a1a1a1\",\"contrastDarker\":\"white\",\"bodyContrast\":\"body-alt-color\"},{\"paletteName\":\"grey-25\",\"color\":\"#c0c0c0\",\"chanelR\":192,\"chanelG\":192,\"chanelB\":192,\"contrast\":\"black\",\"darker\":\"#adadad\",\"contrastDarker\":\"white\",\"bodyContrast\":\"body-color\"},{\"paletteName\":\"white\",\"color\":\"#ffffff\",\"chanelR\":255,\"chanelG\":255,\"chanelB\":255,\"contrast\":\"black\",\"darker\":\"#e6e6e6\",\"contrastDarker\":\"black\",\"bodyContrast\":\"body-color\"},{\"paletteName\":\"grey-15\",\"color\":\"#d9d9d9\",\"chanelR\":217,\"chanelG\":217,\"chanelB\":217,\"contrast\":\"black\",\"darker\":\"#c3c3c3\",\"contrastDarker\":\"black\",\"bodyContrast\":\"body-color\"},{\"paletteName\":\"grey-10\",\"color\":\"#e5e5e5\",\"chanelR\":229,\"chanelG\":229,\"chanelB\":229,\"contrast\":\"black\",\"darker\":\"#cecece\",\"contrastDarker\":\"black\",\"bodyContrast\":\"body-color\"},{\"paletteName\":\"grey-5\",\"color\":\"#f2f2f2\",\"chanelR\":242,\"chanelG\":242,\"chanelB\":242,\"contrast\":\"black\",\"darker\":\"#dadada\",\"contrastDarker\":\"black\",\"bodyContrast\":\"body-color\"}]},{\"palette\":[{\"paletteName\":\"grey-90\",\"color\":\"#1a1a1a\",\"chanelR\":26,\"chanelG\":26,\"chanelB\":26,\"contrast\":\"white\",\"darker\":\"#171717\",\"contrastDarker\":\"white\",\"bodyContrast\":\"body-alt-color\"},{\"paletteName\":\"grey-80\",\"color\":\"#333333\",\"chanelR\":51,\"chanelG\":51,\"chanelB\":51,\"contrast\":\"white\",\"darker\":\"#2e2e2e\",\"contrastDarker\":\"white\",\"bodyContrast\":\"body-alt-color\"},{\"paletteName\":\"grey-75\",\"color\":\"#404040\",\"chanelR\":64,\"chanelG\":64,\"chanelB\":64,\"contrast\":\"white\",\"darker\":\"#3a3a3a\",\"contrastDarker\":\"white\",\"bodyContrast\":\"body-alt-color\"},{\"paletteName\":\"black\",\"color\":\"#000000\",\"chanelR\":0,\"chanelG\":0,\"chanelB\":0,\"contrast\":\"white\",\"darker\":\"#000000\",\"contrastDarker\":\"white\",\"bodyContrast\":\"body-alt-color\"},{\"paletteName\":\"grey-70\",\"color\":\"#4d4d4d\",\"chanelR\":77,\"chanelG\":77,\"chanelB\":77,\"contrast\":\"white\",\"darker\":\"#454545\",\"contrastDarker\":\"white\",\"bodyContrast\":\"body-alt-color\"},{\"paletteName\":\"grey-60\",\"color\":\"#666666\",\"chanelR\":102,\"chanelG\":102,\"chanelB\":102,\"contrast\":\"white\",\"darker\":\"#5c5c5c\",\"contrastDarker\":\"white\",\"bodyContrast\":\"body-alt-color\"},{\"paletteName\":\"grey-50\",\"color\":\"#808080\",\"chanelR\":128,\"chanelG\":128,\"chanelB\":128,\"contrast\":\"white\",\"darker\":\"#737373\",\"contrastDarker\":\"white\",\"bodyContrast\":\"body-alt-color\"}]},{\"palette\":[{\"paletteName\":\"grey-dark-3\",\"color\":\"#212121\",\"chanelR\":33,\"chanelG\":33,\"chanelB\":33,\"contrast\":\"white\",\"darker\":\"#1e1e1e\",\"contrastDarker\":\"white\",\"bodyContrast\":\"body-alt-color\"},{\"paletteName\":\"grey-dark-2\",\"color\":\"#333333\",\"chanelR\":51,\"chanelG\":51,\"chanelB\":51,\"contrast\":\"white\",\"darker\":\"#2e2e2e\",\"contrastDarker\":\"white\",\"bodyContrast\":\"body-alt-color\"},{\"paletteName\":\"grey-dark-1\",\"color\":\"#454545\",\"chanelR\":69,\"chanelG\":69,\"chanelB\":69,\"contrast\":\"white\",\"darker\":\"#3e3e3e\",\"contrastDarker\":\"white\",\"bodyContrast\":\"body-alt-color\"},{\"paletteName\":\"grey\",\"color\":\"#b3b3b3\",\"chanelR\":179,\"chanelG\":179,\"chanelB\":179,\"contrast\":\"white\",\"darker\":\"#a1a1a1\",\"contrastDarker\":\"white\",\"bodyContrast\":\"body-alt-color\"},{\"paletteName\":\"grey-light-1\",\"color\":\"#d9d9d9\",\"chanelR\":217,\"chanelG\":217,\"chanelB\":217,\"contrast\":\"black\",\"darker\":\"#c3c3c3\",\"contrastDarker\":\"black\",\"bodyContrast\":\"body-color\"},{\"paletteName\":\"grey-light-2\",\"color\":\"#eeeeee\",\"chanelR\":238,\"chanelG\":238,\"chanelB\":238,\"contrast\":\"black\",\"darker\":\"#d6d6d6\",\"contrastDarker\":\"black\",\"bodyContrast\":\"body-color\"},{\"paletteName\":\"grey-light-3\",\"color\":\"#f6f6f6\",\"chanelR\":246,\"chanelG\":246,\"chanelB\":246,\"contrast\":\"black\",\"darker\":\"#dddddd\",\"contrastDarker\":\"black\",\"bodyContrast\":\"body-color\"}]}]},\"fontScheme\":{\"name\":\"Roboto-OpenSans\",\"default\":true,\"isDefault\":true,\"fonts\":{\"heading\":\"Roboto, sans-serif\",\"text\":\"Open Sans, sans-serif\",\"accent\":\"Arial, sans-serif\",\"headingTitle\":\"Roboto\",\"textTitle\":\"Open Sans\"}},\"typography\":{\"name\":\"Normal-1\",\"isDefault\":true,\"title\":{\"font-weight\":\"400\",\"font-size\":6,\"line-height\":\"1_1\",\"margin-top\":20,\"margin-bottom\":20,\"LG\":{\"font-size\":4.5},\"SM\":{\"font-size\":3.75},\"XS\":{\"font-size\":3}},\"subtitle\":{\"font-weight\":\"400\",\"font-size\":3,\"line-height\":\"1_1\",\"margin-top\":20,\"margin-bottom\":20,\"SM\":{\"font-size\":2.25},\"XS\":{\"font-size\":1.875}},\"h1\":{\"font-weight\":\"400\",\"font-size\":4.5,\"line-height\":\"1_1\",\"margin-top\":20,\"margin-bottom\":20,\"LG\":{\"font-size\":3.75},\"SM\":{\"font-size\":3},\"XS\":{\"font-size\":2.25}},\"h2\":{\"font-weight\":\"400\",\"font-size\":3,\"line-height\":\"1_1\",\"margin-top\":20,\"margin-bottom\":20,\"SM\":{\"font-size\":2.25},\"XS\":{\"font-size\":1.875}},\"h3\":{\"font-weight\":\"400\",\"font-size\":2.25,\"line-height\":\"1_2\",\"margin-top\":20,\"margin-bottom\":20,\"SM\":{\"font-size\":1.875},\"XS\":{\"font-size\":1.5}},\"h4\":{\"font-weight\":\"400\",\"font-size\":1.5,\"line-height\":\"1_2\",\"margin-top\":20,\"margin-bottom\":20},\"h5\":{\"font-weight\":\"400\",\"font-size\":1.25,\"line-height\":\"1_2\",\"margin-top\":20,\"margin-bottom\":20},\"h6\":{\"font-weight\":\"400\",\"font-size\":1.125,\"line-height\":\"1_2\",\"margin-top\":20,\"margin-bottom\":20},\"largeText\":{\"font-size\":1.5,\"margin-top\":20,\"margin-bottom\":20},\"smallText\":{\"font-size\":0.875,\"margin-top\":20,\"margin-bottom\":20},\"text\":{\"font-size\":1.125,\"margin-top\":20,\"margin-bottom\":20,\"line-height\":\"1_6\",\"SM\":{\"font-size\":1}},\"hyperlink\":{\"font-size\":1.125,\"text-color\":\"palette-1-base\",\"line-height\":\"1_6\",\"SM\":{\"font-size\":1}},\"link\":{},\"button\":{\"color\":\"palette-1-base\",\"margin-top\":20,\"margin-bottom\":20},\"blockquote\":{\"font-size\":1.125,\"font-style\":\"italic\",\"indent\":20,\"border\":4,\"border-color\":\"palette-1-base\",\"margin-top\":20,\"margin-bottom\":20,\"line-height\":\"1_6\",\"SM\":{\"font-size\":1}},\"metadata\":{\"margin-top\":20,\"margin-bottom\":20,\"line-height\":\"1_6\"},\"list\":{\"font-size\":1.125,\"margin-top\":20,\"margin-bottom\":20,\"line-height\":\"1_6\",\"SM\":{\"font-size\":1}},\"orderedlist\":{\"font-size\":1.125,\"margin-top\":20,\"margin-bottom\":20,\"line-height\":\"1_6\",\"SM\":{\"font-size\":1}},\"postContent\":{\"font-size\":1.125,\"margin-top\":20,\"margin-bottom\":20,\"line-height\":\"1_6\",\"SM\":{\"font-size\":1}},\"theme\":{\"gradient\":\"\",\"image\":\"\",\"sheet-width-xl\":1140,\"sheet-width-lg\":940,\"sheet-width-md\":720,\"sheet-width-sm\":540,\"sheet-width-xs\":340},\"htmlBaseSize\":16,\"form-input\":{\"border\":1,\"border-color\":\"grey-30\",\"borders\":\"top right bottom left\",\"color\":\"white\",\"text-color\":\"black\"}},\"backToTop\":\"<span\\n        style=\\\"height: 64px; width: 64px; margin-left: 0px; margin-right: auto; margin-top: 0px; background-image: none; right: 20px; bottom: 20px; padding: 15px\\\"\\n        class=\\\"u-back-to-top u-icon u-icon-circle u-opacity u-palette-1-base u-spacing-15 u-opacity-85\\\"\\n        data-href=\\\"#\\\"\\n    >\\n        <svg class=\\\"u-svg-link\\\" preserveAspectRatio=\\\"xMidYMin slice\\\" viewBox=\\\"0 0 551.13 551.13\\\">\\n            <use xmlns:xlink=\\\"http://www.w3.org/1999/xlink\\\" xlink:href=\\\"#svg-1d98\\\"></use>\\n        </svg>\\n        <svg class=\\\"u-svg-content\\\" enable-background=\\\"new 0 0 551.13 551.13\\\" viewBox=\\\"0 0 551.13 551.13\\\" xmlns=\\\"http://www.w3.org/2000/svg\\\" id=\\\"svg-1d98\\\">\\n            <path d=\\\"m275.565 189.451 223.897 223.897h51.668l-275.565-275.565-275.565 275.565h51.668z\\\"></path>\\n        </svg>\\n    </span>\",\"themeBackLinks\":\"{\\\"data-wp-back-link\\\":\\\"https://nicepage.com/wordpress-themes\\\",\\\"data-wp-back-link-title\\\":\\\"WordPress Themes\\\",\\\"data-jm-back-link\\\":\\\"https://nicepage.com/joomla-templates\\\",\\\"data-jm-back-link-title\\\":\\\"Joomla Templates\\\"}\",\"lang\":\"pt\",\"dialog\":[{\"id\":\"1\",\"name\":\"Pop-up de Pagamento\",\"type\":\"payment\",\"sectionAnchorId\":\"sec-27a1\",\"html\":\"<section class=\\\"u-black u-clearfix u-container-style u-dialog-block u-dialog-open u-opacity u-opacity-70 u-payment-dialog u-valign-middle u-block-06e2-1\\\" style=\\\"\\\" data-id=\\\"06e2\\\" data-posts-content=\\\"[{'images':[],'maps':[],'videos':[],'icons':[{}],'textWidth':'','textHeight':'','id':1,'groupId':1,'headingProp':'h5','textProp':'text'},{'images':[],'maps':[],'videos':[],'icons':[],'textWidth':'','textHeight':'','id':2,'groupId':1,'headingProp':'h5','textProp':'text'}]\\\" custom-posts-hash=\\\"[T,T,T]\\\" data-section-content=\\\"{'images':[],'headings':[{'repeater':true,'length':44,'cellsCount':1},{'repeater':false,'length':30,'cellsCount':1}],'texts':[{'repeater':true,'length':120,'cellsCount':1}],'tables':[],'customLists':[],'accordions':[],'textGroupCount':3,'textLength':168}\\\" data-style=\\\"payment-dialog\\\" id=\\\"sec-27a1\\\" data-source=\\\"Sketch\\\">\\n  <div style=\\\"width: 570px; min-height: 578px; height: auto; box-shadow: 0px 0px 8px 0px rgba(var(--black-r),var(--black-g),var(--black-b),0.2); margin-top: 60px; margin-bottom: 60px; margin-left: auto; margin-right: auto\\\" class=\\\"u-align-center u-container-style u-dialog u-radius-25 u-shape-round u-white u-block-06e2-2\\\">\\n    <div class=\\\"u-container-layout u-valign-top u-block-06e2-3\\\" style=\\\"padding-top: 34px; padding-bottom: 34px; padding-left: 35px; padding-right: 35px\\\">\\n      <h5 class=\\\"u-align-left u-text u-block-06e2-26\\\" style=\\\"font-weight: 700; margin-top: 0px; margin-right: 165.016px; margin-bottom: 0px; margin-left: 0px\\\">Buy Now</h5>\\n      <div class=\\\"u-expanded-width u-products u-block-06e2-5\\\" style=\\\"margin-top: 30px; margin-bottom: 0px\\\" data-site-sorting-prop=\\\"created\\\" data-site-sorting-order=\\\"desc\\\">\\n        <div class=\\\"u-list-control\\\"></div>\\n        <div class=\\\"u-repeater u-block-06e2-6\\\" style=\\\"grid-template-columns: 100%; min-height: 206px; grid-gap: 10px\\\">\\n          <div class=\\\"u-container-style u-products-item u-repeater-item u-block-06e2-7\\\" style=\\\"\\\">\\n            <div class=\\\"u-container-layout u-similar-container u-block-06e2-8\\\" style=\\\"padding-top: 0px; padding-left: 0px; padding-right: 0px; padding-bottom: 30px\\\">\\n              <h5 class=\\\"u-align-left u-product-control u-text u-block-06e2-27\\\" style=\\\"background-image: none; margin-top: 0px; margin-bottom: 0px; margin-left: 0px; margin-right: 0px\\\">\\n                <a class=\\\"u-product-title-link\\\" href=\\\"#\\\">Product 1 Title</a>\\n              </h5>\\n              <div class=\\\"u-align-left u-product-control u-product-desc u-text u-block-06e2-29\\\" style=\\\"font-size: 0.875rem; margin-top: 20px; margin-left: 0px; margin-right: 0px; margin-bottom: 0px\\\">\\n                <p>Sample text. Lorem ipsum dolor sit amet, consectetur adipiscing elit nullam nunc justo sagittis suscipit ultrices.</p>\\n              </div>\\n              <div class=\\\"u-align-left u-product-control u-product-quantity u-block-06e2-35\\\" style=\\\"width: 125px; margin-top: 30px; margin-right: auto; margin-bottom: 0px; margin-left: 0px\\\">\\n                <div class=\\\"u-hidden u-quantity-label\\\">Quantity</div>\\n                <div class=\\\"u-border-1 u-border-grey-30 u-quantity-input u-radius-50\\\">\\n                  <a class=\\\"disabled minus u-button-style u-quantity-button u-text-body-color\\\">\\n                    <svg xmlns=\\\"http://www.w3.org/2000/svg\\\" viewBox=\\\"0 0 16 16\\\"><path d=\\\"m 4 8 h 8\\\" fill=\\\"none\\\" stroke=\\\"currentColor\\\" stroke-width=\\\"1\\\" fill-rule=\\\"evenodd\\\"></path></svg>\\n                  </a>\\n                  <input class=\\\"u-input u-block-06e2-36\\\" type=\\\"text\\\" value=\\\"1\\\" pattern=\\\"[0-9]+\\\" style=\\\"\\\">\\n                  <a class=\\\"plus u-button-style u-quantity-button u-text-body-color\\\">\\n                    <svg xmlns=\\\"http://www.w3.org/2000/svg\\\" viewBox=\\\"0 0 16 16\\\"><path d=\\\"m 4 8 h 8 M 8 4 v 8\\\" fill=\\\"none\\\" stroke=\\\"currentColor\\\" stroke-width=\\\"1\\\" fill-rule=\\\"evenodd\\\"></path></svg>\\n                  </a>\\n                </div>\\n              </div>\\n              <div data-add-zero-cents=\\\"true\\\" class=\\\"u-align-left u-product-control u-product-price u-block-06e2-12\\\" style=\\\"margin-top: -34px; margin-right: 0px; margin-bottom: 0px; margin-left: auto\\\">\\n                <div class=\\\"u-price-wrapper u-spacing-10\\\">\\n                  <div class=\\\"u-old-price\\\" style=\\\"text-decoration: line-through !important;\\\">$20.00</div>\\n                  <div class=\\\"u-price\\\" style=\\\"font-size: 1.25rem; font-weight: 700;\\\">$17.00</div>\\n                </div>\\n              </div>\\n            </div>\\n          </div>\\n        </div>\\n        <div class=\\\"u-list-control\\\"></div>\\n      </div>\\n      <div class=\\\"u-expanded-width u-payment-services u-tab-links-align-justify u-tab-payment u-tab-vertical u-tabs u-block-06e2-38\\\" data-payment-order-approved-message=\\\"Your order has been approved. Thank you!\\\" data-payment-order-cancelled-message=\\\"Unable to process your order. Please try again later.\\\" style=\\\"min-height: 250px; min-width: 50px; margin-top: 0px; margin-bottom: 0px; margin-left: 0px; margin-right: 0px\\\">\\n        <ul class=\\\"u-tab-list u-unstyled u-block-06e2-39\\\" role=\\\"tablist\\\" style=\\\"\\\"><li class=\\\"u-tab-item u-block-06e2-40\\\" role=\\\"presentation\\\" style=\\\"\\\"><a class=\\\"active u-active-grey-10 u-button-style u-payment-paypal u-tab-link u-text-body-color u-block-06e2-41\\\" id=\\\"link-tab-9cb3\\\" href=\\\"#tab-9cb3\\\" role=\\\"tab\\\" aria-controls=\\\"tab-9cb3\\\" aria-selected=\\\"true\\\" style=\\\"\\\"><input type=\\\"radio\\\" class=\\\"u-field-input u-grey-15 u-radius-15\\\" name=\\\"payment-group\\\" checked=\\\"checked\\\"><span>Paypal</span><svg class=\\\"u-svg-content\\\" xmlns=\\\"http://www.w3.org/2000/svg\\\" x=\\\"0px\\\" y=\\\"0px\\\"><path fill=\\\"#009EE3\\\" d=\\\"M11,5.9H18c3.8,0,5.2,1.9,4.9,4.7c-0.3,4.7-3.2,7.2-6.9,7.2h-1.9c-0.5,0-0.8,0.3-0.9,1.3l-0.8,4.3\\n  c-0.1,0.3-0.2,0.5-0.5,0.6H7.6c-0.4,0-0.5-0.3-0.4-1l2.6-16C9.9,6.3,10.2,5.9,11,5.9z\\\"></path><path fill=\\\"#113984\\\" d=\\\"M6.7,0h7.1c2,0,4.3,0.1,5.9,1.5c1.1,0.9,1.6,2.4,1.5,4c-0.4,5.4-3.7,8.5-8,8.5H9.6c-0.6,0-0.9,0.4-1.2,1.5\\n  l-0.9,5.1C7.4,21,7.3,21.3,7,21.3H2.6C2,21.3,1.9,21,2,20.1L5.2,1.3C5.3,0.4,5.7,0,6.7,0z\\\"></path><path fill=\\\"#172C70\\\" d=\\\"M8.6,14.8l1.3-7.9c0.1-0.7,0.5-1,1.3-1h7.1c1.2,0,2.1,0.2,2.8,0.5c-0.7,4.8-3.8,7.5-7.9,7.5H9.6\\n  C9.1,13.9,8.8,14.1,8.6,14.8z\\\"></path></svg>\\n</a>\\n</li><li class=\\\"u-tab-item u-block-06e2-42\\\" role=\\\"presentation\\\" style=\\\"\\\"><a class=\\\"u-active-grey-10 u-button-style u-payment-stripe u-tab-link u-text-body-color u-block-06e2-43\\\" id=\\\"link-tab-ab80\\\" href=\\\"#tab-ab80\\\" role=\\\"tab\\\" aria-controls=\\\"tab-ab80\\\" aria-selected=\\\"false\\\" style=\\\"\\\"><input type=\\\"radio\\\" class=\\\"u-field-input u-grey-15 u-radius-15\\\" name=\\\"payment-group\\\"><span>Stripe</span><svg class=\\\"u-svg-content\\\" xmlns=\\\"http://www.w3.org/2000/svg\\\" x=\\\"0px\\\" y=\\\"0px\\\" viewBox=\\\"0 0 24 24\\\"><path fill=\\\"#635BFF\\\" d=\\\"M14,9.2c-2.3-0.8-3.4-1.5-3.4-2.4c0-0.8,0.8-1.3,2-1.3c2.3,0,4.7,0.8,6.4,1.6l0.9-5.5\\n  c-1.3-0.5-4-1.6-7.7-1.6C9.6,0,7.5,0.7,5.8,1.9C4.1,3.2,3.4,4.9,3.4,7.2c0,4,2.6,5.7,6.8,7.2c2.7,0.9,3.6,1.6,3.6,2.5\\n  c0,0.9-0.9,1.6-2.4,1.6c-1.9,0-5.2-0.9-7.3-2.1L3,22c1.8,0.9,5.1,2,8.7,2c2.8,0,5.1-0.7,6.6-1.9c1.8-1.3,2.7-3.2,2.7-5.7\\n  C20.9,12.3,18.2,10.7,14,9.2L14,9.2z\\\"></path></svg>\\n</a>\\n</li></ul>\\n        <div class=\\\"u-tab-content u-block-06e2-44\\\" style=\\\"\\\">\\n          <div class=\\\"u-container-style u-payment-paypal u-tab-active u-tab-pane u-block-06e2-45\\\" id=\\\"tab-9cb3\\\" role=\\\"tabpanel\\\" aria-labelledby=\\\"link-tab-9cb3\\\" style=\\\"\\\">\\n            <div class=\\\"u-container-layout u-payment-services-inner u-block-06e2-46\\\" style=\\\"padding-top: 20px; padding-right: 0; padding-bottom: 0; padding-left: 0\\\" data-payment-loading-message=\\\"Loading...\\\">Here you will see the payment buttons on the live website.</div>\\n          </div>\\n          <div class=\\\"u-container-style u-payment-stripe u-tab-pane u-block-06e2-47\\\" id=\\\"tab-ab80\\\" role=\\\"tabpanel\\\" aria-labelledby=\\\"link-tab-ab80\\\" style=\\\"\\\">\\n            <div class=\\\"u-container-layout u-block-06e2-48\\\" style=\\\"padding-top: 20px; padding-right: 0; padding-bottom: 0; padding-left: 0\\\">\\n              <a href=\\\"#\\\" class=\\\"u-btn u-button-style u-stripe-button u-block-06e2-49\\\" style=\\\"width: 100%; margin-top: 0; margin-bottom: 0; margin-left: auto; margin-right: auto\\\">Pay with Stripe</a>\\n            </div>\\n          </div>\\n        </div>\\n      </div>\\n    </div><button class=\\\"u-dialog-close-button u-icon u-text-grey-40 u-block-06e2-4\\\" style=\\\"width: 20.0939px; height: 20.0939px; left: auto; top: 35.9532px; position: absolute; right: 35px; padding-top: 0px; padding-bottom: 0px; padding-left: 0px; padding-right: 0px\\\"><svg class=\\\"u-svg-link\\\" preserveAspectRatio=\\\"xMidYMin slice\\\" viewBox=\\\"0 0 16 16\\\" style=\\\"\\\"><use xmlns:xlink=\\\"http://www.w3.org/1999/xlink\\\" xlink:href=\\\"#svg-efe9\\\"></use></svg><svg xmlns=\\\"http://www.w3.org/2000/svg\\\" xmlns:xlink=\\\"http://www.w3.org/1999/xlink\\\" version=\\\"1.1\\\" xml:space=\\\"preserve\\\" class=\\\"u-svg-content\\\" viewBox=\\\"0 0 16 16\\\" x=\\\"0px\\\" y=\\\"0px\\\" id=\\\"svg-efe9\\\"><rect x=\\\"7\\\" y=\\\"0\\\" transform=\\\"matrix(0.7071 -0.7071 0.7071 0.7071 -3.3138 8.0002)\\\" width=\\\"2\\\" height=\\\"16\\\"></rect><rect x=\\\"0\\\" y=\\\"7\\\" transform=\\\"matrix(0.7071 -0.7071 0.7071 0.7071 -3.3138 8.0002)\\\" width=\\\"16\\\" height=\\\"2\\\"></rect></svg></button>\\n  </div>\\n  <style data-mode=\\\"XL\\\" data-visited=\\\"true\\\">@media (max-width: 0px) { .u-block-06e2-2 {width: 570px; min-height: 578px; height: auto; box-shadow: 0px 0px 8px 0px rgba(var(--black-r),var(--black-g),var(--black-b),0.2); margin-top: 60px; margin-bottom: 60px; margin-left: auto; margin-right: auto}\\n.u-block-06e2-3 {padding-top: 34px; padding-bottom: 34px; padding-left: 35px; padding-right: 35px}\\n.u-block-06e2-26 {font-weight: 700; margin-top: 0px; margin-right: 165.016px; margin-bottom: 0px; margin-left: 0px}\\n.u-block-06e2-5 {margin-top: 30px; margin-bottom: 0px}\\n.u-block-06e2-6 {grid-template-columns: 100%; min-height: 206px; grid-gap: 10px}\\n.u-block-06e2-8 {padding-top: 0px; padding-left: 0px; padding-right: 0px; padding-bottom: 30px}\\n.u-block-06e2-27 {background-image: none; margin-top: 0px; margin-bottom: 0px; margin-left: 0px; margin-right: 0px}\\n.u-block-06e2-29 {font-size: 0.875rem; margin-top: 20px; margin-left: 0px; margin-right: 0px; margin-bottom: 0px}\\n.u-block-06e2-35 {width: 125px; margin-top: 30px; margin-right: auto; margin-bottom: 0px; margin-left: 0px}\\n.u-block-06e2-12 {margin-top: -34px; margin-right: 0px; margin-bottom: 0px; margin-left: auto}\\n.u-block-06e2-38 {min-height: 250px; min-width: 50px; margin-top: 0px; margin-bottom: 0px; margin-left: 0px; margin-right: 0px}\\n.u-block-06e2-46 {padding-top: 20px; padding-right: 0; padding-bottom: 0; padding-left: 0}\\n.u-block-06e2-48 {padding-top: 20px; padding-right: 0; padding-bottom: 0; padding-left: 0}\\n.u-block-06e2-49 {width: 100%; margin-top: 0; margin-bottom: 0; margin-left: auto; margin-right: auto}\\n.u-block-06e2-4 {width: 20.0939px; height: 20.0939px; left: auto; top: 35.9532px; position: absolute; right: 35px; padding-top: 0px; padding-bottom: 0px; padding-left: 0px; padding-right: 0px} }</style>\\n  <style data-mode=\\\"LG\\\" data-visited=\\\"true\\\">@media (max-width: 0px) { .u-block-06e2-2 {box-shadow: 0px 0px 8px 0px rgba(var(--black-r),var(--black-g),var(--black-b),0.2); width: 570px; height: auto; margin-top: 60px; margin-left: auto; margin-right: auto; margin-bottom: 60px; min-height: 578px}\\n.u-block-06e2-3 {padding-top: 34px; padding-bottom: 34px; padding-left: 35px; padding-right: 35px}\\n.u-block-06e2-26 {font-weight: 700; margin-top: 0px; margin-right: 165px; margin-bottom: 0px; margin-left: 0px}\\n.u-block-06e2-5 {margin-top: 30px; margin-bottom: 0px}\\n.u-block-06e2-6 {grid-template-columns: 100%; min-height: 206px; grid-gap: 10px}\\n.u-block-06e2-8 {padding-top: 0px; padding-left: 0px; padding-right: 0px; padding-bottom: 30px}\\n.u-block-06e2-27 {background-image: none; margin-top: 0px; margin-bottom: 0px; margin-left: 0px; margin-right: 0px}\\n.u-block-06e2-29 {font-size: 0.875rem; margin-top: 20px; margin-left: 0px; margin-right: 0px; margin-bottom: 0px}\\n.u-block-06e2-35 {width: 125px; margin-top: 30px; margin-right: auto; margin-bottom: 0px; margin-left: 0px}\\n.u-block-06e2-12 {margin-top: -34px; margin-right: 0px; margin-bottom: 0px; margin-left: auto}\\n.u-block-06e2-38 {min-height: 250px; min-width: 50px; margin-top: 0px; margin-bottom: 0px}\\n.u-block-06e2-46 {padding-top: 20px; padding-bottom: 0; padding-left: 0; padding-right: 0}\\n.u-block-06e2-48 {padding-top: 20px; padding-bottom: 0; padding-left: 0; padding-right: 0}\\n.u-block-06e2-49 {width: 100%; margin-top: 0; margin-bottom: 0; margin-left: auto; margin-right: auto}\\n.u-block-06e2-4 {width: 20.0939px; height: 20.0939px; left: auto; top: 35.9532px; position: absolute; right: 35px; padding-top: 0px; padding-bottom: 0px; padding-left: 0px; padding-right: 0px} }</style>\\n  <style data-mode=\\\"MD\\\" data-visited=\\\"true\\\">@media (max-width: 0px) { .u-block-06e2-2 {box-shadow: 0px 0px 8px 0px rgba(var(--black-r),var(--black-g),var(--black-b),0.2); width: 570px; height: auto; margin-top: 60px; margin-left: auto; margin-right: auto; margin-bottom: 60px; min-height: 578px}\\n.u-block-06e2-3 {padding-top: 30px; padding-bottom: 30px; padding-left: 30px; padding-right: 30px}\\n.u-block-06e2-26 {font-weight: 700; margin-top: 0px; margin-right: 165px; margin-bottom: 0px; margin-left: 0px}\\n.u-block-06e2-5 {margin-top: 30px; margin-bottom: 0px}\\n.u-block-06e2-6 {grid-template-columns: 100%; min-height: 206px; grid-gap: 10px}\\n.u-block-06e2-8 {padding-top: 0px; padding-left: 0px; padding-right: 0px; padding-bottom: 30px}\\n.u-block-06e2-27 {background-image: none; margin-top: 0px; margin-bottom: 0px; margin-left: 0px; margin-right: 0px}\\n.u-block-06e2-29 {font-size: 0.875rem; margin-top: 20px; margin-left: 0px; margin-right: 0px; margin-bottom: 0px}\\n.u-block-06e2-35 {width: 125px; margin-top: 30px; margin-right: auto; margin-bottom: 0px; margin-left: 0px}\\n.u-block-06e2-12 {margin-top: -34px; margin-right: 0px; margin-bottom: 0px; margin-left: auto}\\n.u-block-06e2-38 {min-height: 250px; min-width: 50px; margin-top: 0px; margin-bottom: 0px}\\n.u-block-06e2-46 {padding-top: 20px; padding-bottom: 0px; padding-left: 0px; padding-right: 0px}\\n.u-block-06e2-48 {padding-top: 20px; padding-bottom: 0px; padding-left: 0px; padding-right: 0px}\\n.u-block-06e2-49 {width: 100%; margin-top: 0; margin-bottom: 0; margin-left: auto; margin-right: auto}\\n.u-block-06e2-4 {width: 20.0939px; height: 20.0939px; left: auto; top: 31.9532px; position: absolute; right: 30px; padding-top: 0px; padding-bottom: 0px; padding-left: 0px; padding-right: 0px} }</style>\\n  <style data-mode=\\\"SM\\\" data-visited=\\\"true\\\">@media (max-width: 0px) { .u-block-06e2-2 {box-shadow: 0px 0px 8px 0px rgba(var(--black-r),var(--black-g),var(--black-b),0.2); width: 540px; height: auto; margin-top: 60px; margin-left: auto; margin-right: auto; margin-bottom: 60px; min-height: 578px}\\n.u-block-06e2-3 {padding-top: 30px; padding-bottom: 30px; padding-left: 30px; padding-right: 30px}\\n.u-block-06e2-26 {font-weight: 700; margin-top: 0px; margin-right: 165px; margin-bottom: 0px; margin-left: 0px}\\n.u-block-06e2-5 {margin-top: 30px; margin-bottom: 0px}\\n.u-block-06e2-6 {grid-template-columns: 100%; min-height: 206px; grid-gap: 10px}\\n.u-block-06e2-8 {padding-top: 0px; padding-left: 0px; padding-right: 0px; padding-bottom: 30px}\\n.u-block-06e2-27 {background-image: none; margin-top: 0px; margin-bottom: 0px; margin-left: 0px; margin-right: 0px}\\n.u-block-06e2-29 {font-size: 0.875rem; margin-top: 20px; margin-left: 0px; margin-right: 0px; margin-bottom: 0px}\\n.u-block-06e2-35 {width: 125px; margin-top: 30px; margin-right: auto; margin-bottom: 0px; margin-left: 0px}\\n.u-block-06e2-12 {margin-top: -34px; margin-right: 0px; margin-bottom: 0px; margin-left: auto}\\n.u-block-06e2-38 {min-height: 250px; min-width: 50px; margin-top: 0px; margin-bottom: 0px}\\n.u-block-06e2-46 {padding-top: 20px; padding-bottom: 0px; padding-left: 0px; padding-right: 0px}\\n.u-block-06e2-48 {padding-top: 20px; padding-bottom: 0px; padding-left: 0px; padding-right: 0px}\\n.u-block-06e2-49 {width: 100%; margin-top: 0; margin-bottom: 0; margin-left: auto; margin-right: auto}\\n.u-block-06e2-4 {width: 20.0939px; height: 20.0939px; left: auto; top: 31.9532px; position: absolute; right: 30px; padding-top: 0px; padding-bottom: 0px; padding-left: 0px; padding-right: 0px} }</style>\\n  <style data-mode=\\\"XS\\\" data-visited=\\\"true\\\">@media (max-width: 0px) { .u-block-06e2-2 {box-shadow: 0px 0px 8px 0px rgba(var(--black-r),var(--black-g),var(--black-b),0.2); width: 340px; height: auto; margin-top: 60px; margin-left: auto; margin-right: auto; margin-bottom: 60px; min-height: 578px}\\n.u-block-06e2-3 {padding-top: 30px; padding-bottom: 30px; padding-left: 20px; padding-right: 20px}\\n.u-block-06e2-26 {font-weight: 700; margin-top: 0px; margin-right: 5px; margin-bottom: 0px; margin-left: 0px}\\n.u-block-06e2-5 {margin-top: 30px; margin-bottom: 0px}\\n.u-block-06e2-6 {grid-template-columns: 100%; min-height: 206px; grid-gap: 10px}\\n.u-block-06e2-8 {padding-top: 0px; padding-left: 0px; padding-right: 0px; padding-bottom: 30px}\\n.u-block-06e2-27 {background-image: none; margin-top: 0px; margin-bottom: 0px; margin-left: 0px; margin-right: 0px}\\n.u-block-06e2-29 {font-size: 0.875rem; margin-top: 20px; margin-left: 0px; margin-right: 0px; margin-bottom: 0px}\\n.u-block-06e2-35 {width: 125px; margin-top: 30px; margin-right: auto; margin-bottom: 0px; margin-left: 0px}\\n.u-block-06e2-12 {margin-top: -34px; margin-right: 0px; margin-bottom: 0px; margin-left: auto}\\n.u-block-06e2-38 {min-height: 250px; min-width: 50px; margin-top: 0px; margin-bottom: 0px}\\n.u-block-06e2-46 {padding-top: 20px; padding-bottom: 0px; padding-left: 0px; padding-right: 0px}\\n.u-block-06e2-48 {padding-top: 20px; padding-bottom: 0px; padding-left: 0px; padding-right: 0px}\\n.u-block-06e2-49 {width: 100%; margin-top: 0; margin-bottom: 0; margin-left: auto; margin-right: auto}\\n.u-block-06e2-4 {width: 20.0939px; height: 20.0939px; left: auto; top: 31.9532px; position: absolute; right: 20px; padding-top: 0px; padding-bottom: 0px; padding-left: 0px; padding-right: 0px} }</style>\\n</section>\",\"showOn\":\"click\",\"showOnList\":[]}]}","title":"Site2","siteStyleCss":null,"appVersion":"6.13.8","publicUrl":null,"customDomainUrl":null,"subDomain":null,"datePublished":null,"isTrial":true,"serverSiteId":null}
