[{"id":"user-image-default-logo.png","publicUrl":"np://user.desktop.nicepage.com/Site_238469180/images/default-logo.png","size":1804,"hash":"pVWyp9ScwghJ0IJ/x/tR7o2JZVo=","fileName":"default-logo.png","name":"default-logo","width":80,"height":40,"thumbnail":{"url":"np://user.desktop.nicepage.com/Site_238469180/images/thumbnails/default-logo.png","width":80,"height":40,"length":1804,"type":"png"},"folderId":null,"originalUrl":"//capp.nicepage.com/e22949b81d26e3b8bdf518b21cb87828b84a941b/images/default-logo.png","usages":[]},{"id":"user-image-gggg-min.jpg","publicUrl":"np://user.desktop.nicepage.com/Site_238469180/images/gggg-min.jpg","size":194091,"hash":"q6Vvn5wE+6AWUukcn9q1ZyIjrvI=","fileName":"gggg-min.jpg","name":"gggg-min","width":1080,"height":1080,"thumbnail":{"url":"np://user.desktop.nicepage.com/Site_238469180/images/thumbnails/gggg-min.jpg","width":250,"height":250},"folderId":null,"originalUrl":"//images01.nicepage.com/c461c07a441a5d220e8feb1a/3517224eb8c558b18e31a60a/gggg-min.jpg","usages":["2612608"]},{"id":"user-image-photo-1418065460487-3e41a6c84dc5.jpg","publicUrl":"np://user.desktop.nicepage.com/Site_238469180/images/photo-1418065460487-3e41a6c84dc5.jpg","size":154737,"hash":"35UsJ0kYWO+a+5fxuu094hD2TTA=","fileName":"photo-1418065460487-3e41a6c84dc5.jpg","name":"photo-1418065460487-3e41a6c84dc5","width":1170,"height":780,"thumbnail":{"url":"np://user.desktop.nicepage.com/Site_238469180/images/thumbnails/photo-1418065460487-3e41a6c84dc5.jpg","width":250,"height":167},"folderId":null,"originalUrl":"//images01.nicepage.com/c461c07a441a5d220e8feb1a/78c2a90df1ac561790a74491/photo-1418065460487-3e41a6c84dc5.jpg","usages":["2612608"]},{"id":"user-image-e51880ea-9f2c-4df5-b552-3f8459c8fd5e.jpg","publicUrl":"np://user.desktop.nicepage.com/Site_238469180/images/e51880ea-9f2c-4df5-b552-3f8459c8fd5e.jpg","size":135726,"hash":"xBiyNTzVteNboL4L39iLkuG7+Ko=","fileName":"e51880ea-9f2c-4df5-b552-3f8459c8fd5e.jpg","name":"e51880ea-9f2c-4df5-b552-3f8459c8fd5e","width":1513,"height":1080,"thumbnail":{"url":"np://user.desktop.nicepage.com/Site_238469180/images/thumbnails/e51880ea-9f2c-4df5-b552-3f8459c8fd5e.jpg","width":250,"height":178},"folderId":null,"originalUrl":"//images01.nicepage.com/c461c07a441a5d220e8feb1a/4aeafb1c4ef15953b5e87bb5/e51880ea-9f2c-4df5-b552-3f8459c8fd5e.jpg","usages":["2612608"]},{"id":"user-image-rggr-min.jpg","publicUrl":"np://user.desktop.nicepage.com/Site_238469180/images/rggr-min.jpg","size":173572,"hash":"SzpviXfK/tPuKPEevWEFe4IC+68=","fileName":"rggr-min.jpg","name":"rggr-min","width":1200,"height":800,"thumbnail":{"url":"np://user.desktop.nicepage.com/Site_238469180/images/thumbnails/rggr-min.jpg","width":250,"height":167},"folderId":null,"originalUrl":"//images03.nicepage.com/c461c07a441a5d220e8feb1a/b464ddfb3b765f448a5c6e56/rggr-min.jpg","usages":["2612608"]},{"id":"user-image-photo-1470770841072-f978cf4d019e.jpg","publicUrl":"np://user.desktop.nicepage.com/Site_238469180/images/photo-1470770841072-f978cf4d019e.jpg","size":197957,"hash":"9MDJl2PnVwnnz2HxHLHRx3Hjbmw=","fileName":"photo-1470770841072-f978cf4d019e.jpg","name":"photo-1470770841072-f978cf4d019e","width":1470,"height":980,"thumbnail":{"url":"np://user.desktop.nicepage.com/Site_238469180/images/thumbnails/photo-1470770841072-f978cf4d019e.jpg","width":250,"height":167},"folderId":null,"originalUrl":"//images01.nicepage.com/c461c07a441a5d220e8feb1a/503617bd77f15e95ba06fff7/photo-1470770841072-f978cf4d019e.jpg","usages":["2612608"]},{"id":"user-image-ewr-min.jpg","publicUrl":"np://user.desktop.nicepage.com/Site_238469180/images/ewr-min.jpg","size":351398,"hash":"Dm3qUb1msLN8zv8d+EeArnxzAgc=","fileName":"ewr-min.jpg","name":"ewr-min","width":1980,"height":1320,"thumbnail":{"url":"np://user.desktop.nicepage.com/Site_238469180/images/thumbnails/ewr-min.jpg","width":250,"height":167},"folderId":null,"originalUrl":"//images03.nicepage.com/c461c07a441a5d220e8feb1a/a072475496ff5c56babf336b/ewr-min.jpg","usages":["2612608"]},{"id":"user-image-natureforesttreesfog.jpg","publicUrl":"np://user.desktop.nicepage.com/Site_238469180/images/natureforesttreesfog.jpg","size":344686,"hash":"g9cVu4FaPS9/6lG3LPZ3Ro43FUo=","fileName":"natureforesttreesfog.jpg","name":"natureforesttreesfog","width":2249,"height":1500,"thumbnail":{"url":"np://user.desktop.nicepage.com/Site_238469180/images/thumbnails/natureforesttreesfog.jpg","width":250,"height":167},"folderId":null,"originalUrl":"https://images03.nicepage.com/a1389d7bc73adea1e1c1fb7e/216e92cd4d8950deab4cb5b5/natureforesttreesfog.jpg","usages":["2612608"]},{"id":"user-image--min.jpg","publicUrl":"np://user.desktop.nicepage.com/Site_238469180/images/-min.jpg","size":167564,"hash":"iKDaowJG7rGa3UuVBp0juMEl7Z4=","fileName":"-min.jpg","name":"-min","width":700,"height":781,"thumbnail":{"url":"np://user.desktop.nicepage.com/Site_238469180/images/thumbnails/-min.jpg","width":224,"height":250},"folderId":null,"originalUrl":"//images03.nicepage.com/c461c07a441a5d220e8feb1a/e25cd49e77b55df28d2dd068/-min.jpg","usages":[]},{"id":"user-image-Untitled-9.jpg","publicUrl":"np://user.desktop.nicepage.com/Site_238469180/images/Untitled-9.jpg","size":107868,"hash":"F1vX1m2ZBEPRuXDM/uAUo9hZ14c=","fileName":"Untitled-9.jpg","name":"Untitled-9","width":567,"height":696,"thumbnail":{"url":"np://user.desktop.nicepage.com/Site_238469180/images/thumbnails/Untitled-9.jpg","width":204,"height":250},"folderId":null,"originalUrl":"//images03.nicepage.com/c461c07a441a5d220e8feb1a/103f51be2e5a503f9541f47c/Untitled-9.jpg?version=","usages":[]},{"id":"user-image-5t.jpg","publicUrl":"np://user.desktop.nicepage.com/Site_238469180/images/5t.jpg","size":113041,"hash":"o/tiKUuiWVSSOAU3EvctZ49/5zc=","fileName":"5t.jpg","name":"5t","width":567,"height":696,"thumbnail":{"url":"np://user.desktop.nicepage.com/Site_238469180/images/thumbnails/5t.jpg","width":204,"height":250},"folderId":null,"originalUrl":"//images03.nicepage.com/c461c07a441a5d220e8feb1a/547a5e7a7c055d3ba51b0720/5t.jpg?version=","usages":[]},{"id":"user-image-d-min.png","publicUrl":"np://user.desktop.nicepage.com/Site_238469180/images/d-min.png","size":248291,"hash":"bb0V/1NkXnJDWFoavrQSDO850r0=","fileName":"d-min.png","name":"d-min","width":939,"height":1012,"thumbnail":{"url":"np://user.desktop.nicepage.com/Site_238469180/images/thumbnails/d-min.png","width":232,"height":250},"folderId":null,"originalUrl":"//images01.nicepage.com/c461c07a441a5d220e8feb1a/46d9d3c593fa5602a23cf81f/d-min.png","usages":["2612608"]}]
