[{"id":85105233,"title":"Blog Template","order":1,"templateKey":"blog","customTemplate":false,"customTemplateFilename":null,"pageLinks":[],"dateCreated":"2024-07-17T13:55:02.553Z","dateUpdated":"2024-07-17T13:55:03.541Z","folderId":null,"pageName":"Blog Template","serverPageId":null,"sectionCount":1,"status":2,"backwardUrl":null},{"id":2928813477,"title":"Post Template","order":2,"templateKey":"post","customTemplate":false,"customTemplateFilename":null,"pageLinks":[],"dateCreated":"2024-07-17T13:55:02.635Z","dateUpdated":"2024-07-17T13:55:03.541Z","folderId":null,"pageName":"Post Template","serverPageId":null,"sectionCount":1,"status":2,"backwardUrl":null},{"id":638008826,"title":"Product List Template","order":3,"templateKey":"products","customTemplate":false,"customTemplateFilename":null,"pageLinks":[],"dateCreated":"2024-07-17T13:55:02.722Z","dateUpdated":"2024-07-17T13:55:03.542Z","folderId":null,"pageName":"Product List Template","serverPageId":null,"sectionCount":1,"status":2,"backwardUrl":null},{"id":29477598,"title":"Product Details Template","order":4,"templateKey":"product","customTemplate":false,"customTemplateFilename":null,"pageLinks":[],"dateCreated":"2024-07-17T13:55:02.819Z","dateUpdated":"2024-07-17T13:55:03.542Z","folderId":null,"pageName":"Product Details Template","serverPageId":null,"sectionCount":1,"status":2,"backwardUrl":null},{"id":63698499,"title":"Shopping Cart Template","order":5,"templateKey":"cart","customTemplate":false,"customTemplateFilename":null,"pageLinks":[],"dateCreated":"2024-07-17T13:55:02.909Z","dateUpdated":"2024-07-17T13:55:03.542Z","folderId":null,"pageName":"Shopping Cart Template","serverPageId":null,"sectionCount":1,"status":2,"backwardUrl":null},{"id":267973357,"title":"Checkout Template","order":6,"templateKey":"checkout","customTemplate":false,"customTemplateFilename":null,"pageLinks":[],"dateCreated":"2024-07-17T13:55:03.091Z","dateUpdated":"2024-07-17T13:55:03.542Z","folderId":null,"pageName":"Checkout Template","serverPageId":null,"sectionCount":1,"status":2,"backwardUrl":null},{"id":51197664,"title":"Login Template","order":7,"templateKey":"login","customTemplate":false,"customTemplateFilename":null,"pageLinks":[],"dateCreated":"2024-07-17T13:55:03.162Z","dateUpdated":"2024-07-17T13:55:03.542Z","folderId":null,"pageName":"Login Template","serverPageId":null,"sectionCount":1,"status":2,"backwardUrl":null},{"id":74542347,"title":"Page Password Template","order":8,"templateKey":"password","customTemplate":false,"customTemplateFilename":null,"pageLinks":[],"dateCreated":"2024-07-17T13:55:03.216Z","dateUpdated":"2024-07-17T13:55:03.542Z","folderId":null,"pageName":"Page Password Template","serverPageId":null,"sectionCount":1,"status":2,"backwardUrl":null},{"id":1217388,"title":"404 Not Found Template","order":9,"templateKey":"404","customTemplate":false,"customTemplateFilename":null,"pageLinks":[],"dateCreated":"2024-07-17T13:55:03.265Z","dateUpdated":"2024-07-17T13:55:03.542Z","folderId":null,"pageName":"404 Not Found Template","serverPageId":null,"sectionCount":1,"status":2,"backwardUrl":null},{"id":36403676,"title":"Thank You Page Template","order":10,"templateKey":"ThankYou","customTemplate":false,"customTemplateFilename":null,"pageLinks":[],"dateCreated":"2024-07-17T13:55:03.311Z","dateUpdated":"2024-07-17T13:55:03.542Z","folderId":null,"pageName":"Thank You Page Template","serverPageId":null,"sectionCount":1,"status":2,"backwardUrl":null},{"id":2612608,"title":"Página Inicial","order":50,"templateKey":null,"customTemplate":false,"customTemplateFilename":null,"pageLinks":[],"dateCreated":"2024-07-17T13:55:29.559Z","dateUpdated":"2024-07-25T02:35:35.317Z","folderId":null,"pageName":"Página Inicial_2612608","serverPageId":null,"sectionCount":9,"status":2,"backwardUrl":null},{"id":16642160,"title":"Sobre","order":100,"templateKey":null,"customTemplate":false,"customTemplateFilename":null,"pageLinks":[],"dateCreated":"2024-07-17T13:55:03.341Z","dateUpdated":"2024-07-17T13:55:03.542Z","folderId":null,"pageName":"Sobre_16642160","serverPageId":null,"sectionCount":1,"status":2,"backwardUrl":null},{"id":203413475,"title":"Nossos Trabalhos","order":101,"templateKey":null,"customTemplate":false,"customTemplateFilename":null,"pageLinks":[],"dateCreated":"2024-07-17T13:55:03.367Z","dateUpdated":"2024-07-17T13:55:03.542Z","folderId":null,"pageName":"Nossos Trabalhos_203413475","serverPageId":null,"sectionCount":1,"status":2,"backwardUrl":null}]
