{"npVersion":"6.13.8","firstPublishDate":1721225198033,"lastPublishDate":1721226662189,"needFullExport":false,"site":{"/nicepage-site.css":{"status":"published"}},"pages":{"1217388":{"files":{"/404.css":{"status":"published"},"/404.html":{"status":"published"}},"status":"published"},"2612608":{"files":{"/Página-Inicial.css":{},"/Página-Inicial.html":{},"/index.html":{}}},"16642160":{"files":{"/Sobre.css":{"status":"published"},"/Sobre.html":{"status":"published"}},"status":"published"},"203413475":{"files":{"/Nossos-Trabalhos.css":{"status":"published"},"/Nossos-Trabalhos.html":{"status":"published"}},"status":"published"}},"blog":{},"products":{},"images":{"/images/0fd3416c.jpeg":{"status":"published","publishedUrl":"https://assets.nicepagecdn.com/82e14a65/6303537/images/0fd3416c.jpeg","size":37053,"hash":"XCWhwemuviR/dFjqwH+4TiGOHAY="},"/images/68f64b9d.jpeg":{"status":"published","publishedUrl":"https://assets.nicepagecdn.com/82e14a65/6303537/images/68f64b9d.jpeg","size":41645,"hash":"AQSj1nGJz1TY3w6AAyvvipKecZg="},"/images/8ad73f3c.jpeg":{"status":"published","publishedUrl":"https://assets.nicepagecdn.com/82e14a65/6303537/images/8ad73f3c.jpeg","size":28523,"hash":"4wc6yxO6trvUWNn7PENaLw13Onw="},"/images/d-min.png":{"status":"published","publishedUrl":"//images01.nicepagecdn.com/c461c07a441a5d220e8feb1a/46d9d3c593fa5602a23cf81f/d-min.png"},"/images/default-logo.png":{"status":"published","publishedUrl":"//capp.nicepage.com/e22949b81d26e3b8bdf518b21cb87828b84a941b/images/default-logo.png"},"/images/e51880ea-9f2c-4df5-b552-3f8459c8fd5e.jpg":{"status":"published","publishedUrl":"//images01.nicepagecdn.com/c461c07a441a5d220e8feb1a/4aeafb1c4ef15953b5e87bb5/e51880ea-9f2c-4df5-b552-3f8459c8fd5e.jpg"},"/images/ewr-min.jpg":{"status":"published","publishedUrl":"//images03.nicepagecdn.com/c461c07a441a5d220e8feb1a/a072475496ff5c56babf336b/ewr-min.jpg"},"/images/gggg-min.jpg":{"status":"published","publishedUrl":"//images01.nicepagecdn.com/c461c07a441a5d220e8feb1a/3517224eb8c558b18e31a60a/gggg-min.jpg"},"/images/natureforesttreesfog.jpg":{"status":"published","publishedUrl":"https://images03.nicepagecdn.com/a1389d7bc73adea1e1c1fb7e/216e92cd4d8950deab4cb5b5/natureforesttreesfog.jpg"},"/images/photo-1418065460487-3e41a6c84dc5.jpg":{"status":"published","publishedUrl":"//images01.nicepagecdn.com/c461c07a441a5d220e8feb1a/78c2a90df1ac561790a74491/photo-1418065460487-3e41a6c84dc5.jpg"},"/images/photo-1470770841072-f978cf4d019e.jpg":{"status":"published","publishedUrl":"//images01.nicepagecdn.com/c461c07a441a5d220e8feb1a/503617bd77f15e95ba06fff7/photo-1470770841072-f978cf4d019e.jpg"},"/images/rggr-min.jpg":{"status":"published","publishedUrl":"//images03.nicepagecdn.com/c461c07a441a5d220e8feb1a/b464ddfb3b765f448a5c6e56/rggr-min.jpg"}},"files":{},"fonts":{},"editor":{"site":{"/blog.json":{"status":"published"},"/files.json":{"status":"published"},"/fonts.json":{"status":"published"},"/images.json":{},"/pages.json":{},"/products.json":{"status":"published"}},"pages":{"1217388":{"files":{"/404-Not-Found-Template.html":{"status":"published"}},"status":"published"},"2612608":{"files":{"/Página-Inicial_2612608.html":{}}},"16642160":{"files":{"/Sobre_16642160.html":{"status":"published"}},"status":"published"},"29477598":{"files":{"/Product-Details-Template.html":{"status":"published"}},"status":"published"},"36403676":{"files":{"/Thank-You-Page-Template.html":{"status":"published"}},"status":"published"},"51197664":{"files":{"/Login-Template.html":{"status":"published"}},"status":"published"},"63698499":{"files":{"/Shopping-Cart-Template.html":{"status":"published"}},"status":"published"},"74542347":{"files":{"/Page-Password-Template.html":{"status":"published"}},"status":"published"},"85105233":{"files":{"/Blog-Template.html":{"status":"published"}},"status":"published"},"203413475":{"files":{"/Nossos-Trabalhos_203413475.html":{"status":"published"}},"status":"published"},"267973357":{"files":{"/Checkout-Template.html":{"status":"published"}},"status":"published"},"638008826":{"files":{"/Product-List-Template.html":{"status":"published"}},"status":"published"},"2928813477":{"files":{"/Post-Template.html":{"status":"published"}},"status":"published"}},"blog":{"/blog/post-1.html":{"status":"published"},"/blog/post-2.html":{"status":"published"},"/blog/post-3.html":{"status":"published"},"/blog/post-4.html":{"status":"published"},"/blog/post-5.html":{"status":"published"},"/blog/post.html":{"status":"published"}},"images":{},"files":{},"fonts":{},"products":{}}}
