[{"id":"user-image-0f8bb2fe6ae17000150630a605b6e8ec1d532b38b9d621622800646417668a753689837918b8bfc0ee4e367a57aab689a9198bd43f35c629ac0343_1280.jpg","publicUrl":"np://user.desktop.nicepage.com/Site_31228195/images/0f8bb2fe6ae17000150630a605b6e8ec1d532b38b9d621622800646417668a753689837918b8bfc0ee4e367a57aab689a9198bd43f35c629ac0343_1280.jpg","size":343509,"hash":"1aFKtb5rr8s8hAVipoHGVHoYw7U=","fileName":"0f8bb2fe6ae17000150630a605b6e8ec1d532b38b9d621622800646417668a753689837918b8bfc0ee4e367a57aab689a9198bd43f35c629ac0343_1280.jpg","name":"0f8bb2fe6ae17000150630a605b6e8ec1d532b38b9d621622800646417668a753689837918b8bfc0ee4e367a57aab689a9198bd43f35c629ac0343_1280","width":1280,"height":800,"thumbnail":{"url":"np://user.desktop.nicepage.com/Site_31228195/images/thumbnails/0f8bb2fe6ae17000150630a605b6e8ec1d532b38b9d621622800646417668a753689837918b8bfc0ee4e367a57aab689a9198bd43f35c629ac0343_1280.jpg","width":250,"height":156},"folderId":null,"usages":["1838809383"]},{"id":"user-image-Capturadetela2024-01-23202313.png","publicUrl":"np://user.desktop.nicepage.com/Site_31228195/images/Capturadetela2024-01-23202313.png","size":807360,"hash":"usTqEXvpbQ3tnkeYF9/R+b4lHhA=","fileName":"Capturadetela2024-01-23202313.png","name":"Capturadetela2024-01-23202313","width":565,"height":542,"thumbnail":{"url":"np://user.desktop.nicepage.com/Site_31228195/images/thumbnails/Capturadetela2024-01-23202313.png","width":250,"height":240},"folderId":null,"usages":[]},{"id":"user-image-default-logo.png","publicUrl":"np://user.desktop.nicepage.com/Site_31228195/images/default-logo.png","size":1804,"hash":"pVWyp9ScwghJ0IJ/x/tR7o2JZVo=","fileName":"default-logo.png","name":"default-logo","width":80,"height":40,"thumbnail":{"url":"np://user.desktop.nicepage.com/Site_31228195/images/thumbnails/default-logo.png","width":80,"height":40,"length":1804,"type":"png"},"folderId":null,"originalUrl":"//capp.nicepage.com/3dbcfcd9ef3223884ecd005b7e8a849e5fb63e2d/images/default-logo.png","usages":["1838809383"]},{"id":"user-image-pexels-photo-4406619.jpeg","publicUrl":"np://user.desktop.nicepage.com/Site_31228195/images/pexels-photo-4406619.jpeg","size":168709,"hash":"ubV3nlUeg0AFAuk3kO2OYE6s4N4=","fileName":"pexels-photo-4406619.jpeg","name":"pexels-photo-4406619","width":1620,"height":1080,"thumbnail":{"url":"np://user.desktop.nicepage.com/Site_31228195/images/thumbnails/pexels-photo-4406619.jpeg","width":250,"height":167},"folderId":null,"originalUrl":"//images01.nicepage.com/a1389d7bc73adea1e1c1fb7e/94612f051cad576998525dbd/pexels-photo-4406619.jpeg","usages":["1838809383"]},{"id":"user-image-nmmnmn-min.jpg","publicUrl":"np://user.desktop.nicepage.com/Site_31228195/images/nmmnmn-min.jpg","size":447462,"hash":"+mZMv55OyThOkrr4mASormbi9Js=","fileName":"nmmnmn-min.jpg","name":"nmmnmn-min","width":1500,"height":1000,"thumbnail":{"url":"np://user.desktop.nicepage.com/Site_31228195/images/thumbnails/nmmnmn-min.jpg","width":250,"height":167},"folderId":null,"originalUrl":"//images01.nicepage.com/c461c07a441a5d220e8feb1a/77f91af01ad35e24a55c3a64/nmmnmn-min.jpg","usages":["1838809383"]},{"id":"user-image-2fa540df7187a7eeb5f596f9d0726e2d.jpeg","publicUrl":"np://user.desktop.nicepage.com/Site_31228195/images/2fa540df7187a7eeb5f596f9d0726e2d.jpeg","size":61580,"hash":"7pJ67rT8RmC8FWrIeFCpCgnSEA8=","fileName":"2fa540df7187a7eeb5f596f9d0726e2d.jpeg","name":"2fa540df7187a7eeb5f596f9d0726e2d","width":1127,"height":750,"thumbnail":{"url":"np://user.desktop.nicepage.com/Site_31228195/images/thumbnails/2fa540df7187a7eeb5f596f9d0726e2d.jpeg","width":250,"height":166},"folderId":null,"originalUrl":"//images01.nicepage.com/2f/a5/2fa540df7187a7eeb5f596f9d0726e2d.jpeg","usages":["1838809383"]},{"id":"user-image-fgfg-min.jpg","publicUrl":"np://user.desktop.nicepage.com/Site_31228195/images/fgfg-min.jpg","size":176725,"hash":"6mlo+spSB/pmwatGd1ALF6ARjYU=","fileName":"fgfg-min.jpg","name":"fgfg-min","width":1620,"height":1080,"thumbnail":{"url":"np://user.desktop.nicepage.com/Site_31228195/images/thumbnails/fgfg-min.jpg","width":250,"height":167},"folderId":null,"originalUrl":"//images01.nicepage.com/c461c07a441a5d220e8feb1a/503e2657e28355119e3107fa/fgfg-min.jpg","usages":["1838809383"]},{"id":"user-image-98697f8a5035ec93bad682b65a13f41c.jpeg","publicUrl":"np://user.desktop.nicepage.com/Site_31228195/images/98697f8a5035ec93bad682b65a13f41c.jpeg","size":223961,"hash":"9CTMPXfJ1T7nMon+eGCE/gSlxIk=","fileName":"98697f8a5035ec93bad682b65a13f41c.jpeg","name":"98697f8a5035ec93bad682b65a13f41c","width":862,"height":757,"thumbnail":{"url":"np://user.desktop.nicepage.com/Site_31228195/images/thumbnails/98697f8a5035ec93bad682b65a13f41c.jpeg","width":250,"height":220},"folderId":null,"originalUrl":"//images01.nicepage.com/98/69/98697f8a5035ec93bad682b65a13f41c.jpeg","usages":["1838809383"]},{"id":"user-image-pexels-photo-4066276.jpeg","publicUrl":"np://user.desktop.nicepage.com/Site_31228195/images/pexels-photo-4066276.jpeg","size":72682,"hash":"jxKlb6Anws17Lk0WJUDqFCZwmOc=","fileName":"pexels-photo-4066276.jpeg","name":"pexels-photo-4066276","width":994,"height":1500,"thumbnail":{"url":"np://user.desktop.nicepage.com/Site_31228195/images/thumbnails/pexels-photo-4066276.jpeg","width":166,"height":250},"folderId":null,"originalUrl":"//images03.nicepage.com/a1389d7bc73adea1e1c1fb7e/a674ff7c6ff5501a8bba3013/pexels-photo-4066276.jpeg","usages":["1838809383"]},{"id":"user-image-pexels-photo-9676202.jpeg","publicUrl":"np://user.desktop.nicepage.com/Site_31228195/images/pexels-photo-9676202.jpeg","size":36698,"hash":"yBWq9et2bsR+LoJlw9pVjzvej6I=","fileName":"pexels-photo-9676202.jpeg","name":"pexels-photo-9676202","width":500,"height":750,"thumbnail":{"url":"np://user.desktop.nicepage.com/Site_31228195/images/thumbnails/pexels-photo-9676202.jpeg","width":167,"height":250},"folderId":null,"originalUrl":"//images01.nicepage.com/a1389d7bc73adea1e1c1fb7e/61a30fb8984855a0b31029f0/pexels-photo-9676202.jpeg","usages":["1838809383"]},{"id":"user-image-pexels-photo-9730582.jpeg","publicUrl":"np://user.desktop.nicepage.com/Site_31228195/images/pexels-photo-9730582.jpeg","size":57305,"hash":"4/r1+IE0yh2MoBemDKRRQB3JgF0=","fileName":"pexels-photo-9730582.jpeg","name":"pexels-photo-9730582","width":600,"height":750,"thumbnail":{"url":"np://user.desktop.nicepage.com/Site_31228195/images/thumbnails/pexels-photo-9730582.jpeg","width":200,"height":250},"folderId":null,"originalUrl":"//images01.nicepage.com/a1389d7bc73adea1e1c1fb7e/cb176efc051e53e0aa9d239d/pexels-photo-9730582.jpeg","usages":["1838809383"]},{"id":"user-image-pexels-photo-9789963.jpeg","publicUrl":"np://user.desktop.nicepage.com/Site_31228195/images/pexels-photo-9789963.jpeg","size":35480,"hash":"hWCEtgTrJJM00arH4wvj9hiY4MQ=","fileName":"pexels-photo-9789963.jpeg","name":"pexels-photo-9789963","width":500,"height":750,"thumbnail":{"url":"np://user.desktop.nicepage.com/Site_31228195/images/thumbnails/pexels-photo-9789963.jpeg","width":167,"height":250},"folderId":null,"originalUrl":"//images01.nicepage.com/a1389d7bc73adea1e1c1fb7e/e4043ddd584b517887671fac/pexels-photo-9789963.jpeg","usages":["1838809383"]},{"id":"user-image-high-angle-shot-beautiful-forest-with-lot-green-trees-enveloped-fog-new-zealand_181624-19717.jpg","publicUrl":"np://user.desktop.nicepage.com/Site_31228195/images/high-angle-shot-beautiful-forest-with-lot-green-trees-enveloped-fog-new-zealand_181624-19717.jpg","size":58326,"hash":"De8W0CBrDLfVkW00XOo+ug4yzXc=","fileName":"high-angle-shot-beautiful-forest-with-lot-green-trees-enveloped-fog-new-zealand_181624-19717.jpg","name":"high-angle-shot-beautiful-forest-with-lot-green-trees-enveloped-fog-new-zealand_181624-19717","width":626,"height":416,"thumbnail":{"url":"np://user.desktop.nicepage.com/Site_31228195/images/thumbnails/high-angle-shot-beautiful-forest-with-lot-green-trees-enveloped-fog-new-zealand_181624-19717.jpg","width":250,"height":166},"folderId":null,"originalUrl":"//images01.nicepage.com/c461c07a441a5d220e8feb1a/9b3f75df6abc522cabd3abe8/high-angle-shot-beautiful-forest-with-lot-green-trees-enveloped-fog-new-zealand_181624-19717.jpg","usages":["1838809383"]},{"id":"user-image-cvbf-min.jpg","publicUrl":"np://user.desktop.nicepage.com/Site_31228195/images/cvbf-min.jpg","size":371468,"hash":"9sr91wLxfN8hVHOmKfNI2QOEq/8=","fileName":"cvbf-min.jpg","name":"cvbf-min","width":1980,"height":1320,"thumbnail":{"url":"np://user.desktop.nicepage.com/Site_31228195/images/thumbnails/cvbf-min.jpg","width":250,"height":167},"folderId":null,"originalUrl":"//images03.nicepage.com/c461c07a441a5d220e8feb1a/ec3b31e5e1575f87a8888bd9/cvbf-min.jpg","usages":["1838809383"]},{"id":"user-image-trtrrt-min.jpg","publicUrl":"np://user.desktop.nicepage.com/Site_31228195/images/trtrrt-min.jpg","size":130011,"hash":"GyYl7h4xwzcUMTHMKEV+9FEvZfI=","fileName":"trtrrt-min.jpg","name":"trtrrt-min","width":730,"height":1080,"thumbnail":{"url":"np://user.desktop.nicepage.com/Site_31228195/images/thumbnails/trtrrt-min.jpg","width":169,"height":250},"folderId":null,"originalUrl":"//images01.nicepage.com/c461c07a441a5d220e8feb1a/a34a56c0783e5acca70145b0/trtrrt-min.jpg","usages":["1838809383"]}]
