[{"id":1642913064,"title":"Blog Template","order":1,"templateKey":"blog","customTemplate":false,"customTemplateFilename":null,"pageLinks":[],"dateCreated":"2024-07-17T13:31:43.743Z","dateUpdated":"2024-07-17T13:31:44.807Z","folderId":null,"pageName":"Blog Template","serverPageId":null,"sectionCount":1,"status":2,"backwardUrl":null},{"id":884928095,"title":"Post Template","order":2,"templateKey":"post","customTemplate":false,"customTemplateFilename":null,"pageLinks":[],"dateCreated":"2024-07-17T13:31:43.852Z","dateUpdated":"2024-07-17T13:31:44.808Z","folderId":null,"pageName":"Post Template","serverPageId":null,"sectionCount":1,"status":2,"backwardUrl":null},{"id":180387095,"title":"Product List Template","order":3,"templateKey":"products","customTemplate":false,"customTemplateFilename":null,"pageLinks":[],"dateCreated":"2024-07-17T13:31:43.955Z","dateUpdated":"2024-07-17T13:31:44.808Z","folderId":null,"pageName":"Product List Template","serverPageId":null,"sectionCount":1,"status":2,"backwardUrl":null},{"id":10487229,"title":"Product Details Template","order":4,"templateKey":"product","customTemplate":false,"customTemplateFilename":null,"pageLinks":[],"dateCreated":"2024-07-17T13:31:44.071Z","dateUpdated":"2024-07-17T13:31:44.808Z","folderId":null,"pageName":"Product Details Template","serverPageId":null,"sectionCount":1,"status":2,"backwardUrl":null},{"id":1952817927,"title":"Shopping Cart Template","order":5,"templateKey":"cart","customTemplate":false,"customTemplateFilename":null,"pageLinks":[],"dateCreated":"2024-07-17T13:31:44.174Z","dateUpdated":"2024-07-17T13:31:44.808Z","folderId":null,"pageName":"Shopping Cart Template","serverPageId":null,"sectionCount":1,"status":2,"backwardUrl":null},{"id":143920567,"title":"Checkout Template","order":6,"templateKey":"checkout","customTemplate":false,"customTemplateFilename":null,"pageLinks":[],"dateCreated":"2024-07-17T13:31:44.331Z","dateUpdated":"2024-07-17T13:31:44.808Z","folderId":null,"pageName":"Checkout Template","serverPageId":null,"sectionCount":1,"status":2,"backwardUrl":null},{"id":86334019,"title":"Login Template","order":7,"templateKey":"login","customTemplate":false,"customTemplateFilename":null,"pageLinks":[],"dateCreated":"2024-07-17T13:31:44.403Z","dateUpdated":"2024-07-17T13:31:44.808Z","folderId":null,"pageName":"Login Template","serverPageId":null,"sectionCount":1,"status":2,"backwardUrl":null},{"id":674515818,"title":"Page Password Template","order":8,"templateKey":"password","customTemplate":false,"customTemplateFilename":null,"pageLinks":[],"dateCreated":"2024-07-17T13:31:44.454Z","dateUpdated":"2024-07-17T13:31:44.808Z","folderId":null,"pageName":"Page Password Template","serverPageId":null,"sectionCount":1,"status":2,"backwardUrl":null},{"id":931006921,"title":"404 Not Found Template","order":9,"templateKey":"404","customTemplate":false,"customTemplateFilename":null,"pageLinks":[],"dateCreated":"2024-07-17T13:31:44.502Z","dateUpdated":"2024-07-17T13:31:44.809Z","folderId":null,"pageName":"404 Not Found Template","serverPageId":null,"sectionCount":1,"status":2,"backwardUrl":null},{"id":272486683,"title":"Thank You Page Template","order":10,"templateKey":"ThankYou","customTemplate":false,"customTemplateFilename":null,"pageLinks":[],"dateCreated":"2024-07-17T13:31:44.545Z","dateUpdated":"2024-07-17T13:31:44.809Z","folderId":null,"pageName":"Thank You Page Template","serverPageId":null,"sectionCount":1,"status":2,"backwardUrl":null},{"id":1838809383,"title":"Página Inicial","order":50,"templateKey":null,"customTemplate":false,"customTemplateFilename":null,"pageLinks":[],"dateCreated":"2024-07-17T13:37:31.462Z","dateUpdated":"2024-07-17T13:54:43.405Z","folderId":null,"pageName":"Página Inicial_1838809383","serverPageId":null,"sectionCount":11,"status":2,"backwardUrl":null},{"id":305651092,"title":"Sobre","order":100,"templateKey":null,"customTemplate":false,"customTemplateFilename":null,"pageLinks":[],"dateCreated":"2024-07-17T13:31:44.582Z","dateUpdated":"2024-07-17T13:31:44.809Z","folderId":null,"pageName":"Sobre_305651092","serverPageId":null,"sectionCount":1,"status":2,"backwardUrl":null},{"id":1585928074,"title":"Contato","order":101,"templateKey":null,"customTemplate":false,"customTemplateFilename":null,"pageLinks":[],"dateCreated":"2024-07-17T13:31:44.610Z","dateUpdated":"2024-07-17T13:31:44.809Z","folderId":null,"pageName":"Contato_1585928074","serverPageId":null,"sectionCount":1,"status":2,"backwardUrl":null}]
